code_commune,ville,code_dept,code_postal,latitude,longitude,population,surface_km2,densite_hab_km2,type_commune,score_fragilite,score_emergence,score_freins_invisibles,score_momentum,potentiel_investissement,risque_credit_local,classe_risque,segment,fragilite_fiable,score_desert_medical,niveau_desert_medical,score_desert_commercial,niveau_desert_commercial,nb_entreprises_actives,nb_entreprises_total,taux_survie_entreprises,entreprises_1000hab,dynamique_eco,nb_gares,gares_10k_hab,prix_m2_median,nb_transactions,taux_chomage,revenu_median,taux_pauvrete,nb_medecin_generaliste,nb_medecin_specialiste,nb_pharmacie,nb_hopital,nb_urgences,nb_infirmier,nb_dentiste,nb_kinesitherapeute,medecins_10k_hab,est_desert_medical,nb_supermarche,nb_epicerie,nb_boulangerie,nb_banque,nb_poste,nb_boucherie,nb_ecole_primaire,nb_college,nb_lycee,est_desert_commercial,donnees_insee_simulees,donnees_bpe_simulees
91001,Abbéville-la-Rivière,91,91150,48.3369,2.197,322,15.0458,21.4013,rural_isole,0.614,0.3164,0.7487,0.474,0.294,0.5228,ELEVE,territoire_bloque,true,0.7108,DÉSERT,0.6373,SOUS-DOTÉ,6,6,1,18.6335,100,0,0,1891,3,11.7418,1621.3159,12.3774,0,0,0,0,0,1,0,0,0,1,0,0,0,1,0,0,0,0,0,1,true,true
91016,Angerville,91,91670,48.3116,2.0057,4428,25.8043,171.5993,rural,0.4311,0.3356,0.6765,0.3865,0.2845,0.5886,ELEVE,territoire_stable,true,0.7078,DÉSERT,0.7032,DÉSERT,197,251,0.7849,44.4896,56.9721,0,0,3783,15,8.6543,1876.2468,15.7121,2,1,2,0,0,3,1,1,4.5167,0,1,1,1,1,1,1,4,0,0,0,true,true
91017,Angervilliers,91,91470,48.5916,2.0593,1772,9.1083,194.5478,rural,0.4862,0.3357,0.7045,0.4568,0.3031,0.5253,ELEVE,territoire_stable,true,0.7049,DÉSERT,0.7322,DÉSERT,59,65,0.9077,33.2957,81.5385,0,0,2448,16,10.6192,1966.4388,12.3528,1,0,1,0,0,1,1,0,5.6433,0,0,0,0,1,0,1,1,1,0,1,true,true
91021,Arpajon,91,91290,48.5894,2.2462,11698,2.3882,4898.2497,urbain,0.5481,0.2102,0.7525,0.2725,0.2502,0.6859,ELEVE,territoire_stable,true,0.6706,SOUS-DOTÉ,0.7526,DÉSERT,192,252,0.7619,16.4131,52.381,2,1.7097,3844,30,14.8076,1649.9259,11.0221,14,5,4,0,0,9,4,5,11.9679,0,2,4,4,3,2,3,7,1,1,0,true,true
91022,Arrancourt,91,91690,48.3279,2.1489,115,7.5763,15.1789,rural_isole,0.6229,0.5077,0.554,0.567,0.4178,0.4587,MODERE,territoire_fragile,true,0.5,CORRECT,0.55,SOUS-DOTÉ,2,2,1,17.3913,100,3,20,1839,1,9.9146,1566.3747,15.737,0,0,0,0,0,0,0,0,0,1,0,0,0,0,0,0,0,0,0,1,true,true
91027,Athis-Mons,91,91200,48.7093,2.3848,36613,8.606,4254.3574,urbain,0.4868,0.4875,0.6041,0.5192,0.4421,0.5026,ELEVE,territoire_stable,true,0.6932,SOUS-DOTÉ,0.7552,DÉSERT,2126,2392,0.8888,58.0668,77.7592,0,0,2689,222,10.4147,1831.2637,12.2146,41,18,12,2,0,24,12,14,11.1982,0,8,12,15,9,6,9,24,5,3,0,true,true
91035,Authon-la-Plaine,91,91410,48.456,1.9545,368,10.4913,35.0767,rural_isole,0.8871,0.494,0.6429,0.4809,0.3778,0.5996,ELEVE,territoire_fragile,true,0.1488,BIEN_DOTÉ,0.5503,SOUS-DOTÉ,4,4,1,10.8696,100,2,20,2452,2,14.448,1486.6677,23.905,1,1,0,0,0,0,1,0,27.1739,0,0,0,0,0,0,1,0,0,0,1,true,true
91037,Auvernaux,91,91830,48.5274,2.4898,332,6.5037,51.0479,rural,0.4958,0.1937,0.7329,0.3068,0.1967,0.6288,ELEVE,territoire_stable,true,0.3676,CORRECT,0.7505,DÉSERT,8,10,0.8,24.0964,60,0,0,2563,2,10.9186,2191.3636,18.0857,1,0,1,0,0,0,1,0,30.1205,0,0,0,0,0,0,0,1,0,0,1,true,true
91038,Auvers-Saint-Georges,91,91580,48.4745,2.2229,1223,12.7379,96.0127,rural,0.4256,0.5072,0.468,0.5082,0.4095,0.4776,MODERE,territoire_stable,true,0.5557,SOUS-DOTÉ,0.5877,SOUS-DOTÉ,60,72,0.8333,49.0597,66.6667,2,16.3532,2116,5,7.8263,1851.2454,14.9721,0,0,0,0,0,0,0,1,0,1,0,0,0,0,0,0,1,1,0,1,true,true
91041,Avrainville,91,91630,48.5543,2.2437,1052,9.2815,113.3437,rural,0.6243,0.1429,0.7901,0.2534,0.1554,0.6922,ELEVE,territoire_bloque,true,0.6236,SOUS-DOTÉ,0.6479,SOUS-DOTÉ,22,27,0.8148,20.9125,62.963,0,0,1218,3,10.3564,1434.779,20.1798,1,1,0,0,0,2,1,0,9.5057,0,1,0,0,1,0,0,1,0,0,0,true,true
91044,Ballainvilliers,91,91160,48.6718,2.291,4904,3.9804,1232.037,urbain,0.4333,0.2004,0.7257,0.321,0.2187,0.6082,ELEVE,territoire_stable,true,0.6378,SOUS-DOTÉ,0.6865,SOUS-DOTÉ,112,142,0.7887,22.8385,57.7465,1,2.0392,2448,15,9.8415,2179.4655,16.2708,5,2,2,0,0,3,2,2,10.1958,0,1,2,2,1,1,1,3,1,1,0,true,true
91045,Ballancourt-sur-Essonne,91,91610,48.5246,2.3882,8191,11.4155,717.5332,periurbain,0.1957,0.288,0.6139,0.4851,0.3079,0.4141,MODERE,territoire_stable,true,0.6752,SOUS-DOTÉ,0.7016,DÉSERT,236,275,0.8582,28.8121,71.6364,0,0,2935,20,6.8357,2630.539,7.9855,7,4,3,0,0,5,3,3,8.546,0,1,3,4,2,2,2,6,1,1,0,true,true
91047,Baulne,91,91590,48.495,2.3809,1448,8.1844,176.9219,rural,0.5129,0.3361,0.7045,0.3644,0.2753,0.6299,ELEVE,territoire_stable,true,0.6531,SOUS-DOTÉ,0.7525,DÉSERT,78,99,0.7879,53.8674,57.5758,0,0,2280,11,9.6049,2008.1163,20.3309,1,1,1,0,0,1,1,0,6.9061,0,0,0,0,0,0,1,1,0,0,1,true,true
91064,Bièvres,91,91570,48.7565,2.2079,4686,9.7134,482.4263,periurbain,0.2746,0.1704,0.6532,0.3414,0.211,0.5331,ELEVE,territoire_stable,true,0.6861,SOUS-DOTÉ,0.7003,DÉSERT,108,140,0.7714,23.0474,54.2857,0,0,2706,16,4,1720.1575,12.8862,3,3,1,0,0,4,1,1,6.402,0,1,2,1,1,1,1,4,1,0,0,true,true
91067,Blandy,91,91150,48.3205,2.2576,111,7.8914,14.0659,rural_isole,0.5031,0.5181,0.3934,0.6081,0.4503,0.3585,MODERE,territoire_stable,true,0.5,CORRECT,0,BIEN_DOTÉ,2,2,1,18.018,100,2,20,2034,1,6.1877,1528.9415,14.3696,0,0,0,0,0,0,0,0,0,1,1,1,0,0,0,0,0,0,0,0,true,true
91069,Boigneville,91,91720,48.328,2.3655,369,15.765,23.4063,rural_isole,0.4738,0.3691,0.5234,0.414,0.3196,0.5335,ELEVE,territoire_stable,true,0.4222,CORRECT,0.5501,SOUS-DOTÉ,9,11,0.8182,24.3902,63.6364,1,20,1378,1,9.0943,1966.7278,17.3338,0,0,0,0,0,1,0,0,0,1,0,0,0,0,0,0,1,0,0,1,true,true
91075,Bois-Herpin,91,91150,48.375,2.2393,81,3.9177,20.6754,rural_isole,0.5029,0.5321,0.5225,0.5269,0.4187,0.4935,MODERE,territoire_stable,true,0.4453,CORRECT,0.7501,DÉSERT,7,8,0.875,86.4198,75,0,0,2438,1,7.9679,1473.0826,14.9353,0,0,0,0,0,1,0,0,0,1,0,0,0,0,0,0,1,0,0,1,true,true
91079,Boissy-la-Rivière,91,91690,48.3801,2.1715,550,12.539,43.8631,rural_isole,0.4544,0.3648,0.6043,0.3595,0.2937,0.6137,ELEVE,territoire_stable,true,0.7481,DÉSERT,0.6844,SOUS-DOTÉ,39,53,0.7358,70.9091,47.1698,0,0,1784,3,11.2856,1760.9549,13.1602,0,0,0,0,0,1,0,0,0,1,0,0,1,0,0,0,1,0,0,1,true,true
91080,Boissy-le-Cutté,91,91590,48.4711,2.2841,1331,4.6382,286.9648,periurbain,0.2706,0.4262,0.4295,0.4813,0.3752,0.4396,MODERE,territoire_stable,true,0.416,CORRECT,0.5766,SOUS-DOTÉ,59,75,0.7867,44.3276,57.3333,2,15.0263,2062,10,5.7299,2293.6585,14.2416,1,1,1,0,0,1,1,0,7.5131,0,0,0,1,0,0,0,0,0,0,1,true,true
91081,Boissy-le-Sec,91,91870,48.4865,2.0919,690,19.293,35.7643,rural_isole,0.556,0.1804,0.795,0.2308,0.1621,0.7304,CRITIQUE,territoire_fragile,true,0.7378,DÉSERT,0.7503,DÉSERT,24,33,0.7273,34.7826,45.4545,0,0,2357,6,6.9692,1418.2674,24.683,0,1,0,0,0,0,0,0,0,1,0,0,0,0,0,1,0,0,0,1,true,true
91085,Boissy-sous-Saint-Yon,91,91790,48.5528,2.2111,3882,8.1233,477.8846,periurbain,0.3404,0.3088,0.5506,0.4053,0.2957,0.5078,ELEVE,territoire_stable,true,0.5877,SOUS-DOTÉ,0.6463,SOUS-DOTÉ,156,197,0.7919,40.1855,58.3756,2,5.152,2010,24,11.6641,2085.1187,6.105,4,2,1,0,0,2,1,1,10.304,0,1,1,2,1,0,1,2,1,0,0,true,true
91086,Bondoufle,91,91070,48.6155,2.3795,10767,6.8207,1578.577,urbain,0.6138,0.3947,0.6533,0.3723,0.3233,0.6452,ELEVE,territoire_fragile,true,0.6364,SOUS-DOTÉ,0.6979,SOUS-DOTÉ,586,732,0.8005,54.4256,60.1093,2,1.8575,2765,50,10.4356,1139.6832,17.9704,12,6,3,0,0,7,4,4,11.1452,0,2,4,4,3,1,3,7,1,1,0,true,true
91093,Boullay-les-Troux,91,91470,48.6746,2.0496,624,4.8622,128.337,rural,0.5245,0.4489,0.5081,0.5128,0.384,0.4653,MODERE,territoire_stable,true,0.5014,CORRECT,0.5517,SOUS-DOTÉ,12,13,0.9231,19.2308,84.6154,4,20,1792,3,9.1688,1493.9031,12.7228,0,0,0,0,0,0,0,0,0,1,0,0,0,0,0,0,0,0,0,1,true,true
91095,Bouray-sur-Juine,91,91850,48.5115,2.2968,2108,7.2313,291.5105,periurbain,0.2042,0.3679,0.4817,0.4871,0.3485,0.4131,MODERE,territoire_stable,true,0.6163,SOUS-DOTÉ,0.6379,SOUS-DOTÉ,101,125,0.808,47.9127,61.6,1,4.7438,2233,20,4.4381,2036.858,9.2951,1,1,1,0,0,2,0,1,4.7438,0,1,0,1,1,0,1,2,1,0,0,true,true
91097,Boussy-Saint-Antoine,91,91800,48.6893,2.5354,8097,2.9185,2774.3704,urbain,0.433,0.1342,0.7057,0.2449,0.1903,0.6527,ELEVE,territoire_stable,true,0.644,SOUS-DOTÉ,0.6986,SOUS-DOTÉ,147,202,0.7277,18.1549,45.5446,2,2.4701,2435,68,9.639,1638.0542,13.9266,9,4,2,0,0,6,3,3,11.1152,0,2,3,4,2,2,2,6,1,1,0,true,true
91098,Boutervilliers,91,91150,48.4542,2.0512,429,7.1549,59.9589,rural,0.4126,0.2407,0.6989,0.4259,0.2547,0.5028,ELEVE,territoire_stable,true,0.6666,SOUS-DOTÉ,0.6378,SOUS-DOTÉ,9,10,0.9,20.979,80,0,0,1878,2,9.2773,2158.1028,11.976,0,0,1,0,0,0,0,0,0,1,0,1,0,0,0,0,0,0,0,0,true,true
91099,Boutigny-sur-Essonne,91,91820,48.4359,2.3924,3146,16.2497,193.6036,rural,0.4795,0.4876,0.4933,0.5294,0.4067,0.4575,MODERE,territoire_stable,true,0.5338,CORRECT,0.5948,SOUS-DOTÉ,135,150,0.9,42.9116,80,4,12.7146,1859,24,6.1225,1392.4647,15.1698,1,1,1,0,0,2,2,1,3.1786,0,0,0,1,1,1,1,2,0,0,1,true,true
91100,Bouville,91,91880,48.437,2.2806,669,20.8884,32.0273,rural_isole,0.5774,0.3724,0.5685,0.4043,0.3136,0.5697,ELEVE,territoire_fragile,true,0.5002,CORRECT,0.5503,SOUS-DOTÉ,11,13,0.8462,16.4425,69.2308,4,20,1995,3,11.4392,1539.9889,15.0917,0,0,0,0,0,0,0,1,0,1,0,0,0,0,0,0,0,1,0,1,true,true
91103,Brétigny-sur-Orge,91,91220,48.601,2.2989,26658,14.6333,1821.7354,urbain,0.4806,0.2659,0.7221,0.3654,0.2658,0.5957,ELEVE,territoire_stable,true,0.6515,SOUS-DOTÉ,0.7082,DÉSERT,756,916,0.8253,28.3592,65.0655,3,1.1254,2691,222,9.4984,1982.6851,16.9466,29,13,9,0,0,18,9,11,10.8785,0,5,9,11,7,4,7,18,3,2,0,true,true
91105,Breuillet,91,91650,48.5716,2.1644,9157,6.7712,1352.3452,urbain,0.3933,0.1654,0.7404,0.2794,0.1923,0.6368,ELEVE,territoire_stable,true,0.6446,SOUS-DOTÉ,0.6921,SOUS-DOTÉ,194,263,0.7376,21.186,47.5285,1,1.0921,3235,42,10.2708,2310.3183,15.8242,10,5,3,0,0,6,3,4,10.9206,0,2,4,5,2,1,3,5,1,1,0,true,true
91106,Breux-Jouy,91,91650,48.551,2.1601,1285,4.7656,269.6408,periurbain,0.3742,0.2935,0.6474,0.4772,0.2989,0.4535,MODERE,territoire_stable,true,0.6801,SOUS-DOTÉ,0.7256,DÉSERT,34,37,0.9189,26.4591,83.7838,0,0,2017,7,6.4957,1741.0345,10.1637,1,1,0,0,0,1,1,1,7.7821,0,0,0,1,0,0,0,1,0,0,1,true,true
91109,Brières-les-Scellés,91,91150,48.4646,2.1427,1186,8.6277,137.4642,rural,0.4592,0.1357,0.6796,0.2417,0.1603,0.6517,ELEVE,territoire_stable,true,0.4569,CORRECT,0.6675,SOUS-DOTÉ,11,15,0.7333,9.2749,46.6667,1,8.4317,2259,8,13.6307,2040.7909,11.8235,2,0,1,0,0,1,1,1,16.8634,0,0,0,0,0,0,0,1,0,0,1,true,true
91111,Briis-sous-Forges,91,91640,48.6294,2.1304,3342,11.1644,299.3443,periurbain,0.2724,0.267,0.5709,0.3948,0.2716,0.4977,MODERE,territoire_stable,true,0.5441,CORRECT,0.603,SOUS-DOTÉ,49,63,0.7778,14.6619,55.5556,3,8.9767,4070,12,7.9663,2102.5583,8.9813,3,1,1,0,0,2,1,1,8.9767,0,0,2,2,1,0,1,3,1,0,0,true,true
91112,Brouy,91,91150,48.3268,2.2927,134,8.4944,15.7751,rural_isole,0.5317,0.1241,0.7148,0.2259,0.1459,0.6811,ELEVE,territoire_stable,true,0.8,DÉSERT,0.2,BIEN_DOTÉ,3,4,0.75,22.3881,50,0,0,2114,1,7.8557,1404.6228,20.6439,0,0,0,0,0,0,0,1,0,1,1,0,1,0,0,0,0,0,0,0,true,true
91114,Brunoy,91,91800,48.6948,2.5059,25643,6.6139,3877.1375,urbain,0.5568,0.3309,0.7288,0.3431,0.3095,0.6624,ELEVE,territoire_fragile,true,0.6769,SOUS-DOTÉ,0.7412,DÉSERT,1114,1428,0.7801,43.4427,56.0224,2,0.7799,3072,192,13.0564,2065.5259,17.7532,29,13,9,0,0,17,9,10,11.3091,0,6,8,10,7,4,7,17,3,1,0,true,true
91115,Bruyères-le-Châtel,91,91680,48.6031,2.1804,3788,12.9125,293.3591,periurbain,0.1436,0.2763,0.4556,0.416,0.2932,0.4316,MODERE,territoire_stable,true,0.5084,CORRECT,0.5815,SOUS-DOTÉ,106,142,0.7465,27.9831,49.2958,4,10.5597,2609,37,4.9479,2149.7649,7.5786,3,2,1,0,0,4,1,2,7.9197,0,1,1,2,1,1,1,3,1,0,0,true,true
91121,Buno-Bonnevaux,91,91720,48.36,2.4131,527,15.9706,32.9981,rural_isole,0.6152,0.2027,0.7989,0.2991,0.1911,0.6736,ELEVE,territoire_bloque,true,0.7457,DÉSERT,0.7503,DÉSERT,15,18,0.8333,28.463,66.6667,0,0,1320,4,11.0222,1499.9458,18.3477,0,0,0,0,0,1,0,0,0,1,0,0,0,0,0,0,0,0,0,1,true,true
91122,Bures-sur-Yvette,91,91440,48.6913,2.1589,9548,4.5022,2120.741,urbain,0.417,0.335,0.6526,0.4226,0.3212,0.5401,ELEVE,territoire_stable,true,0.6453,SOUS-DOTÉ,0.7003,DÉSERT,377,454,0.8304,39.4847,66.0793,2,2.0947,2477,68,6.1008,1967.4505,18.6299,10,5,3,0,0,6,3,3,10.4734,0,2,4,3,3,1,3,7,1,1,0,true,true
91129,Cerny,91,91590,48.4837,2.309,3531,17.1715,205.6314,periurbain,0.1648,0.2387,0.4844,0.4443,0.2827,0.3924,MODERE,territoire_stable,true,0.5813,SOUS-DOTÉ,0.5822,SOUS-DOTÉ,74,90,0.8222,20.9572,64.4444,3,8.4962,1340,24,4.6795,2003.6716,5.1571,2,1,1,0,0,2,1,1,5.6641,0,1,2,1,2,1,1,2,0,0,0,true,true
91130,Chalo-Saint-Mars,91,91780,48.4157,2.0564,1053,29.0866,36.2022,rural_isole,0.5757,0.3975,0.5569,0.3571,0.3107,0.6305,ELEVE,territoire_fragile,true,0.4335,CORRECT,0.5604,SOUS-DOTÉ,35,46,0.7609,33.2384,52.1739,2,18.9934,2524,7,10.9922,1678.3793,19.9018,1,0,0,0,0,0,0,0,9.4967,0,0,0,0,0,0,0,1,0,0,1,true,true
91131,Chalou-Moulineux,91,91740,48.381,2.0245,373,10.7571,34.6748,rural_isole,0.5967,0.2767,0.7427,0.3809,0.2509,0.6019,ELEVE,territoire_fragile,true,0.415,CORRECT,0.7503,DÉSERT,8,9,0.8889,21.4477,77.7778,0,0,3103,3,12.3462,1815.5327,15.6808,1,0,0,0,0,2,0,0,26.8097,0,0,0,0,0,0,0,0,0,0,1,true,true
91132,Chamarande,91,91730,48.5165,2.2209,1089,5.7524,189.3123,rural,0.4907,0.2015,0.7767,0.3751,0.2176,0.5702,ELEVE,territoire_stable,true,0.6174,SOUS-DOTÉ,0.7193,DÉSERT,16,18,0.8889,14.6924,77.7778,0,0,1995,3,9.4284,2146.5042,16.9971,1,0,1,0,0,2,0,1,9.1827,0,0,0,0,1,0,0,1,0,0,1,true,true
91135,Champcueil,91,91750,48.5052,2.4447,2854,16.4708,173.2763,rural,0.4106,0.1746,0.7093,0.2734,0.1829,0.6404,ELEVE,territoire_stable,true,0.7314,DÉSERT,0.7227,DÉSERT,73,100,0.73,25.5781,46,0,0,3518,26,8.7109,1440.5461,12.3286,1,0,1,0,0,2,1,1,3.5039,0,0,1,1,0,0,1,1,0,0,0,true,true
91136,Champlan,91,91160,48.7083,2.2775,2615,3.7164,703.6379,periurbain,0.1018,0.2235,0.5152,0.3915,0.2637,0.4459,MODERE,territoire_stable,true,0.6137,SOUS-DOTÉ,0.6482,SOUS-DOTÉ,98,134,0.7313,37.4761,46.2687,1,3.8241,1866,12,7.2472,2633.2583,4.6829,2,1,2,0,0,1,1,1,7.6482,0,1,1,1,1,0,1,1,0,0,0,true,true
91137,Champmotteux,91,91150,48.3431,2.3161,356,7.5658,47.0538,rural_isole,0.4546,0.2602,0.6804,0.3928,0.2543,0.5476,ELEVE,territoire_stable,true,0.8004,DÉSERT,0.7505,DÉSERT,12,14,0.8571,33.7079,71.4286,0,0,1539,1,6.8037,1161.9781,12.3036,0,0,0,0,0,0,0,0,0,1,0,0,0,0,0,0,0,0,0,1,true,true
91145,Chatignonville,91,91410,48.4675,1.9351,72,5.1607,13.9516,rural_isole,0.6207,0.3766,0.6907,0.5021,0.3322,0.5053,ELEVE,territoire_fragile,true,0.8,DÉSERT,0.2457,BIEN_DOTÉ,2,2,1,27.7778,100,0,0,2182,1,8.7004,1612.0537,18.1683,0,0,0,0,0,0,0,0,0,1,0,0,1,0,0,0,0,0,0,1,true,true
91148,Chauffour-lès-Étréchy,91,91580,48.5085,2.1705,132,4.833,27.3122,rural_isole,0.5768,0.7334,0.3511,0.6295,0.5472,0.4373,MODERE,territoire_emergent,true,0.5001,CORRECT,0.2751,BIEN_DOTÉ,10,11,0.9091,75.7576,81.8182,3,20,1627,1,9.3484,1797.0793,18.909,0,0,0,0,0,0,0,0,0,1,0,0,1,0,0,0,0,0,0,1,true,true
91156,Cheptainville,91,91630,48.5472,2.276,2204,7.2121,305.5975,periurbain,0.3661,0.4306,0.4715,0.5103,0.3817,0.4321,MODERE,territoire_stable,true,0.4625,CORRECT,0.5799,SOUS-DOTÉ,77,89,0.8652,34.9365,73.0337,3,13.6116,2073,14,10.6428,2170.248,7.8349,2,1,1,0,0,1,1,1,9.0744,0,0,1,0,1,0,1,0,0,0,0,true,true
91159,Chevannes,91,91750,48.534,2.4386,1550,10.2558,151.134,rural,0.5558,0.5505,0.4489,0.4952,0.4255,0.5208,ELEVE,territoire_fragile,true,0.3997,CORRECT,0.4584,CORRECT,68,81,0.8395,43.871,67.9012,4,20,2943,10,9.859,1594.3251,17.2351,1,1,0,0,0,1,1,1,6.4516,0,0,1,1,1,1,0,1,0,0,0,true,true
91161,Chilly-Mazarin,91,91380,48.7051,2.3103,20443,5.6021,3649.1673,urbain,0.3112,0.5049,0.485,0.5425,0.4606,0.4324,MODERE,territoire_stable,true,0.6838,SOUS-DOTÉ,0.7437,DÉSERT,1501,1798,0.8348,73.4237,66.9633,1,0.4892,2127,141,6.5924,1897.9694,10.1847,22,10,7,0,0,14,6,9,10.7616,0,4,6,9,5,3,5,14,2,1,0,true,true
91174,Corbeil-Essonnes,91,91100,48.5973,2.4646,54471,11.0243,4940.994,urbain,0.4992,0.1308,0.7832,0.2272,0.2023,0.7003,CRITIQUE,territoire_stable,true,0.7021,DÉSERT,0.7663,DÉSERT,973,1327,0.7332,17.8627,46.6466,0,0,2570,149,11.8102,1826.7498,15.7687,61,27,18,2,1,36,18,22,11.1986,0,11,19,21,14,9,13,36,6,4,0,true,true
91175,Corbreuse,91,91410,48.5007,1.9638,1640,15.9201,103.0144,rural,0.3528,0.2261,0.5489,0.3265,0.2346,0.5538,ELEVE,territoire_stable,true,0.5481,CORRECT,0.5851,SOUS-DOTÉ,32,43,0.7442,19.5122,48.8372,2,12.1951,2124,16,8.0373,1602.6588,10.7614,1,0,0,0,0,1,1,1,6.0976,0,0,0,1,1,0,0,2,0,0,1,true,true
91179,Le Coudray-Montceaux,91,91830,48.5605,2.4926,4801,11.4706,418.5483,periurbain,0.1854,0.4247,0.437,0.489,0.3778,0.4241,MODERE,territoire_stable,true,0.5795,SOUS-DOTÉ,0.6206,SOUS-DOTÉ,289,379,0.7625,60.1958,52.5066,3,6.2487,2631,27,6.3077,2312.4005,8.7186,4,2,2,0,0,3,1,2,8.3316,0,1,3,2,1,1,1,4,0,1,0,true,true
91180,Courances,91,91490,48.4409,2.4838,348,8.3048,41.9035,rural_isole,0.5781,0.1489,0.827,0.2441,0.1504,0.7119,CRITIQUE,territoire_fragile,true,0.8003,DÉSERT,0.6461,SOUS-DOTÉ,7,9,0.7778,20.1149,55.5556,0,0,2469,1,12.0292,1739.2539,18.1659,0,0,0,0,0,0,0,0,0,1,0,0,1,0,0,0,1,0,0,1,true,true
91184,Courdimanche-sur-Essonne,91,91720,48.4202,2.3591,276,5.6944,48.4687,rural_isole,0.6527,0.2797,0.7353,0.3656,0.2484,0.6236,ELEVE,territoire_bloque,true,0.488,CORRECT,0.7505,DÉSERT,8,9,0.8889,28.9855,77.7778,0,0,2024,1,13.0775,1476.7726,14.9886,1,0,0,0,0,0,0,0,36.2319,0,0,0,0,0,0,0,0,0,0,1,true,true
91186,Courson-Monteloup,91,91680,48.599,2.1389,563,3.7574,149.8377,rural,0.5008,0.5279,0.4242,0.5163,0.4253,0.4733,MODERE,territoire_stable,true,0.2975,BIEN_DOTÉ,0.5521,SOUS-DOTÉ,25,29,0.8621,44.405,72.4138,3,20,1662,4,11.3282,1974.9,13.6541,1,0,0,0,0,1,0,0,17.762,0,0,0,0,0,0,0,0,0,0,1,true,true
91191,Crosne,91,91560,48.7202,2.4621,9610,2.4723,3887.0687,urbain,0.528,0.4247,0.7113,0.4706,0.3872,0.5609,ELEVE,territoire_stable,true,0.6992,SOUS-DOTÉ,0.7474,DÉSERT,411,466,0.882,42.768,76.3948,0,0,3505,48,8.902,2026.8249,19.522,10,5,3,0,0,6,3,4,10.4058,0,2,3,4,3,2,3,7,1,1,0,true,true
91195,Dannemois,91,91490,48.4602,2.4708,865,8.4543,102.3148,rural,0.4019,0.69,0.3455,0.6202,0.5286,0.4066,MODERE,territoire_emergent,true,0.3682,CORRECT,0.5513,SOUS-DOTÉ,52,61,0.8525,60.1156,70.4918,4,20,4486,5,8.227,1953.2155,12.9809,0,0,1,0,0,2,1,0,0,1,0,0,0,0,0,1,0,0,0,1,true,true
91198,D'Huison-Longueville,91,91590,48.4547,2.323,1557,9.9236,156.8987,rural,0.5416,0.6304,0.4156,0.5645,0.4817,0.4732,MODERE,territoire_emergent,true,0.3633,CORRECT,0.4511,CORRECT,84,96,0.875,53.9499,75,4,20,2761,15,9.8282,1907.4072,17.9249,1,1,1,0,0,1,1,1,6.4226,0,1,1,1,0,0,0,1,0,0,0,true,true
91200,Dourdan,91,91410,48.532,1.9924,11415,30.7451,371.2787,periurbain,0.3976,0.4153,0.5709,0.5084,0.3659,0.4594,MODERE,territoire_stable,true,0.6434,SOUS-DOTÉ,0.6764,SOUS-DOTÉ,525,592,0.8868,45.9921,77.3649,2,1.7521,2733,68,10.4389,1892.7512,7.046,10,5,4,0,0,8,4,5,8.7604,0,3,3,5,3,2,2,7,2,1,0,true,true
91201,Draveil,91,91210,48.6777,2.4249,30098,15.9302,1889.3674,urbain,0.5037,0.1774,0.7602,0.2833,0.2028,0.6554,ELEVE,territoire_stable,true,0.6568,SOUS-DOTÉ,0.7136,DÉSERT,662,847,0.7816,21.9948,56.3164,2,0.6645,2382,201,9.8021,1809.9547,17.8543,33,15,10,1,0,20,10,12,10.9642,0,6,10,12,7,6,8,21,4,2,0,true,true
91204,Écharcon,91,91540,48.5747,2.4023,708,6.8629,103.1634,rural,0.51,0.4932,0.4792,0.4725,0.3922,0.5216,ELEVE,territoire_stable,true,0.3996,CORRECT,0.5001,CORRECT,29,35,0.8286,40.9605,65.7143,4,20,2054,3,8.5359,1936.8234,20.0455,0,1,0,0,0,1,1,1,0,1,0,0,1,0,0,0,1,0,0,1,true,true
91207,Égly,91,91520,48.5778,2.2183,7166,3.9805,1800.2763,urbain,0.2604,0.2784,0.5349,0.412,0.3033,0.4724,MODERE,territoire_stable,true,0.5877,SOUS-DOTÉ,0.6623,SOUS-DOTÉ,243,308,0.789,33.9101,57.7922,4,5.5819,1843,57,8.2342,2102.5926,7.3492,7,3,3,0,0,6,2,3,9.7684,0,1,3,3,2,1,2,5,1,0,0,true,true
91215,Épinay-sous-Sénart,91,91860,48.6885,2.5152,11611,3.5875,3236.5157,urbain,0.4069,0.2895,0.6695,0.4269,0.3162,0.5167,ELEVE,territoire_stable,true,0.6367,SOUS-DOTÉ,0.7001,DÉSERT,204,236,0.8644,17.5695,72.8814,4,3.445,3146,91,8.0095,1944.7746,13.2109,12,6,4,0,0,8,5,5,10.335,0,3,4,5,3,2,3,7,1,1,0,true,true
91216,Épinay-sur-Orge,91,91360,48.6719,2.3194,10722,4.3589,2459.7949,urbain,0.5658,0.3376,0.7112,0.3354,0.2944,0.6698,ELEVE,territoire_fragile,true,0.669,SOUS-DOTÉ,0.7275,DÉSERT,567,738,0.7683,52.8819,53.6585,0,0,2567,58,13.0313,1979.3318,18.0198,12,6,4,0,0,7,4,4,11.1919,0,2,4,4,3,2,3,8,1,1,0,true,true
91223,Étampes,91,91150,48.4227,2.1524,26857,45.9621,584.3293,periurbain,0.3875,0.3718,0.6529,0.4699,0.3313,0.5037,ELEVE,territoire_stable,true,0.6737,SOUS-DOTÉ,0.7001,DÉSERT,1112,1295,0.8587,41.4045,71.7375,0,0,3371,143,11.3906,2419.4162,10.2893,23,13,9,0,0,18,8,11,8.5639,0,5,9,11,7,5,7,19,3,2,0,true,true
91225,Étiolles,91,91450,48.6485,2.4852,3105,11.7239,264.8436,periurbain,0.3772,0.2428,0.6651,0.4001,0.2537,0.5186,ELEVE,territoire_stable,true,0.655,SOUS-DOTÉ,0.707,DÉSERT,94,111,0.8468,30.2738,69.3694,0,0,1795,23,7.82,1952.1072,12.299,3,2,1,0,0,2,1,1,9.6618,0,0,1,1,1,1,1,2,1,0,0,true,true
91226,Étréchy,91,91580,48.4956,2.177,6986,14.2376,490.6726,periurbain,0.3123,0.2479,0.6187,0.3586,0.2507,0.5463,ELEVE,territoire_stable,true,0.6159,SOUS-DOTÉ,0.6485,SOUS-DOTÉ,190,251,0.757,27.1973,51.3944,3,4.2943,3399,52,10.5088,2236.7743,8.8861,6,3,2,0,0,4,2,2,8.5886,0,1,3,4,2,1,2,4,0,1,0,true,true
91228,Évry-Courcouronnes,91,91000,48.6287,2.4313,66919,13.0947,5110.3882,tres_urbain,0.5839,0.1872,0.8366,0.2692,0.2342,0.7069,CRITIQUE,territoire_fragile,true,0.6887,SOUS-DOTÉ,0.7658,DÉSERT,1243,1576,0.7887,18.5747,57.7411,2,0.2989,2557,592,13.9041,2249.4518,19.3031,84,33,22,2,1,44,22,27,12.5525,0,14,22,27,17,11,17,44,8,4,0,true,true
91232,La Ferté-Alais,91,91590,48.4819,2.3678,3731,4.5659,817.1445,periurbain,0.2893,0.2592,0.6274,0.4259,0.2785,0.4782,MODERE,territoire_stable,true,0.6865,SOUS-DOTÉ,0.7168,DÉSERT,121,145,0.8345,32.431,66.8966,0,0,2139,36,6.3872,2045.5797,10.4551,3,2,1,0,0,2,1,2,8.0407,0,1,0,1,1,1,1,3,0,0,0,true,true
91235,Fleury-Mérogis,91,91700,48.6327,2.3712,13721,6.3758,2152.0437,urbain,0.5457,0.2574,0.7721,0.3183,0.2473,0.6648,ELEVE,territoire_stable,true,0.67,SOUS-DOTÉ,0.7217,DÉSERT,496,626,0.7923,36.149,58.4665,0,0,2336,64,11.9035,2224.6942,20.0872,15,7,5,0,0,9,5,5,10.9321,0,3,5,6,3,2,3,10,2,1,0,true,true
91240,Fontaine-la-Rivière,91,91690,48.359,2.1674,192,3.7334,51.4277,rural,0.5475,0.3485,0.4798,0.3687,0.3025,0.5673,ELEVE,territoire_stable,true,0.0004,BIEN_DOTÉ,0.5506,SOUS-DOTÉ,4,5,0.8,20.8333,60,4,20,1791,1,12.8451,1956.3541,15.8905,1,0,0,0,0,1,0,0,52.0833,0,0,0,0,0,0,0,0,0,0,1,true,true
91243,Fontenay-lès-Briis,91,91640,48.6112,2.171,2350,9.8169,239.3831,periurbain,0.2689,0.2211,0.6058,0.3406,0.2328,0.5445,ELEVE,territoire_stable,true,0.6621,SOUS-DOTÉ,0.671,SOUS-DOTÉ,112,153,0.732,47.6596,46.4052,0,0,1371,12,7.9104,2303.3774,12.1816,2,1,1,0,0,2,1,1,8.5106,0,1,1,1,1,0,1,1,1,0,0,true,true
91244,Fontenay-le-Vicomte,91,91540,48.5474,2.3997,1596,6.8855,231.7914,periurbain,0.353,0.2243,0.635,0.3576,0.2361,0.5446,ELEVE,territoire_stable,true,0.5196,CORRECT,0.6451,SOUS-DOTÉ,30,38,0.7895,18.797,57.8947,1,6.2657,2706,10,11.9116,2426.3697,9.5584,2,1,1,0,0,1,1,1,12.5313,0,0,1,0,0,1,0,2,0,0,0,true,true
91247,La Forêt-le-Roi,91,91410,48.4775,2.0457,492,7.9681,61.7462,rural,0.3216,0.1792,0.7255,0.3923,0.2174,0.508,ELEVE,territoire_stable,true,0.8006,DÉSERT,0.7507,DÉSERT,6,7,0.8571,12.1951,71.4286,0,0,2563,2,4,1755.251,13.2934,0,0,0,0,0,0,0,0,0,1,0,0,0,0,0,1,0,0,0,1,true,true
91248,La Forêt-Sainte-Croix,91,91150,48.3832,2.2308,148,5.3458,27.6853,rural_isole,0.5975,0.5403,0.4211,0.49,0.4212,0.5173,ELEVE,territoire_fragile,true,0.5002,CORRECT,0.0002,BIEN_DOTÉ,6,7,0.8571,40.5405,71.4286,4,20,2749,1,12.5548,1820.4882,16.486,0,0,0,0,0,0,0,0,0,1,0,1,0,1,0,0,1,0,0,0,true,true
91249,Forges-les-Bains,91,91470,48.6182,2.0811,4241,14.7309,287.8982,periurbain,0.3313,0.2418,0.5984,0.3486,0.2448,0.5501,ELEVE,territoire_stable,true,0.5617,SOUS-DOTÉ,0.6292,SOUS-DOTÉ,108,143,0.7552,25.4657,51.049,3,7.0738,2789,27,8.2176,2022.4333,12.3806,4,2,1,0,0,3,1,2,9.4317,0,0,2,2,1,1,1,3,0,1,0,true,true
91272,Gif-sur-Yvette,91,91190,48.6964,2.1342,22544,11.8936,1895.4732,urbain,0.4773,0.321,0.6962,0.4206,0.3079,0.5544,ELEVE,territoire_stable,true,0.6402,SOUS-DOTÉ,0.6992,SOUS-DOTÉ,643,745,0.8631,28.522,72.6174,4,1.7743,3083,89,10.2525,2031.0416,14.5266,25,11,8,0,0,15,8,9,11.0894,0,5,8,9,6,4,5,15,3,1,0,true,true
91273,Gironville-sur-Essonne,91,91720,48.3655,2.3451,760,13.2968,57.1566,rural,0.4613,0.3015,0.5373,0.3442,0.2706,0.5795,ELEVE,territoire_stable,true,0.5005,CORRECT,0.5506,SOUS-DOTÉ,16,21,0.7619,21.0526,52.381,2,20,1381,6,9.2294,1717.4642,16.0142,0,0,0,0,0,0,0,1,0,1,0,0,0,0,0,0,1,0,1,1,true,true
91274,Gometz-la-Ville,91,91400,48.675,2.1127,1536,9.6844,158.6056,rural,0.4429,0.1651,0.7724,0.3279,0.1889,0.5979,ELEVE,territoire_stable,true,0.7176,DÉSERT,0.6497,SOUS-DOTÉ,24,29,0.8276,15.625,65.5172,0,0,2356,12,4.0311,1774.249,22.2639,0,1,1,0,0,1,0,0,0,1,1,1,1,0,0,0,1,0,0,0,true,true
91275,Gometz-le-Châtel,91,91940,48.6729,2.142,2630,5.0538,520.4005,periurbain,0.3029,0.4179,0.4325,0.4425,0.3628,0.4823,MODERE,territoire_stable,true,0.4469,CORRECT,0.5596,SOUS-DOTÉ,130,173,0.7514,49.4297,50.289,4,15.2091,1827,8,7.4508,2248.7893,14.0489,2,2,1,0,0,1,1,1,7.6046,0,0,1,1,1,0,1,2,0,0,0,true,true
91284,Les Granges-le-Roi,91,91410,48.4994,2.0124,1197,12.7794,93.6664,rural,0.5276,0.2292,0.7324,0.3652,0.2289,0.5854,ELEVE,territoire_stable,true,0.7049,DÉSERT,0.6602,SOUS-DOTÉ,27,31,0.871,22.5564,74.1935,0,0,2027,8,9.8928,1545.4448,13.8589,1,0,0,0,0,1,0,1,8.3542,0,0,1,1,0,1,0,0,0,0,0,true,true
91286,Grigny,91,91350,48.6584,2.3861,26842,5.0233,5343.4993,tres_urbain,0.6865,0.4906,0.7897,0.4219,0.4088,0.6868,ELEVE,territoire_bloque,true,0.6927,SOUS-DOTÉ,0.7736,DÉSERT,1564,1876,0.8337,58.2669,66.7377,0,0,3927,195,16.6947,2823.0968,23.2042,34,14,10,0,0,18,9,11,12.6667,0,6,9,10,6,4,7,18,3,2,0,true,true
91292,Guibeville,91,91630,48.567,2.2714,923,2.6321,350.6706,periurbain,0.2564,0.2213,0.5789,0.3436,0.2378,0.532,ELEVE,territoire_stable,true,0.6796,SOUS-DOTÉ,0.624,SOUS-DOTÉ,38,52,0.7308,41.1701,46.1538,0,0,2386,3,6.7043,1848.4957,9.5717,1,0,0,0,0,1,0,1,10.8342,0,1,1,0,0,0,0,1,0,0,0,true,true
91293,Guigneville-sur-Essonne,91,91590,48.4636,2.3755,904,9.2266,97.9776,rural,0.3256,0.3484,0.405,0.4304,0.329,0.4548,MODERE,territoire_stable,true,0.501,CORRECT,0.5111,CORRECT,23,29,0.7931,25.4425,58.6207,2,20,1134,3,6.9788,1446.4528,7.8666,0,0,0,0,0,0,0,0,0,1,0,0,1,0,0,0,0,1,0,1,true,true
91294,Guillerval,91,91690,48.3662,2.0802,808,17.3219,46.6462,rural_isole,0.422,0.3204,0.4987,0.3849,0.2942,0.5286,ELEVE,territoire_stable,true,0.4292,CORRECT,0.4606,CORRECT,15,19,0.7895,18.5644,57.8947,4,20,1613,6,9.2456,1939.5277,14.4717,0,0,1,0,0,0,0,0,0,1,1,0,0,0,0,1,0,1,0,0,true,true
91312,Igny,91,91430,48.7375,2.2229,10833,3.8368,2823.4466,urbain,0.4153,0.1623,0.7217,0.2912,0.2144,0.6189,ELEVE,territoire_stable,true,0.6764,SOUS-DOTÉ,0.7359,DÉSERT,242,316,0.7658,22.3391,53.1646,0,0,2322,45,13.2885,2147.9157,9.4522,12,5,4,0,0,8,3,4,11.0773,0,2,4,4,3,1,3,7,2,1,0,true,true
91315,Itteville,91,91760,48.5144,2.3398,6746,12.2826,549.2322,periurbain,0.3316,0.2398,0.653,0.4223,0.2638,0.4844,MODERE,territoire_stable,true,0.6279,SOUS-DOTÉ,0.6783,SOUS-DOTÉ,124,144,0.8611,18.3813,72.2222,2,2.9647,2300,26,8.8219,2256.03,9.7697,6,3,2,0,0,5,2,2,8.8942,0,1,2,2,2,1,2,5,1,1,0,true,true
91318,Janville-sur-Juine,91,91510,48.4991,2.2493,2041,10.629,192.0218,rural,0.4006,0.5543,0.4633,0.5198,0.4335,0.4845,MODERE,territoire_emergent,true,0.5707,SOUS-DOTÉ,0.6191,SOUS-DOTÉ,141,175,0.8057,69.0838,61.1429,2,9.7991,2881,6,7.6756,1907.0864,15.0645,1,0,1,0,0,1,1,1,4.8996,0,1,0,0,0,0,0,2,0,0,0,true,true
91319,Janvry,91,91640,48.6456,2.1564,654,8.3193,78.6124,rural,0.566,0.405,0.5209,0.3697,0.3216,0.6087,ELEVE,territoire_fragile,true,0.303,BIEN_DOTÉ,0.4954,CORRECT,20,26,0.7692,30.581,53.8462,4,20,2647,4,10.2832,1746.9383,20.8675,1,1,0,0,0,0,0,0,15.2905,0,0,0,0,1,0,0,0,0,0,1,true,true
91326,Juvisy-sur-Orge,91,91260,48.6917,2.3722,19292,2.2436,8598.6807,tres_urbain,0.5913,0.3931,0.7325,0.3552,0.3953,0.6848,ELEVE,territoire_fragile,true,0.7146,DÉSERT,0.8089,DÉSERT,916,1193,0.7678,47.4808,53.5624,3,1.555,3480,192,13.2427,2075.6864,20.1442,24,10,6,0,0,13,7,8,12.4404,0,4,6,7,5,3,5,13,2,2,0,true,true
91330,Lardy,91,91510,48.5284,2.2707,5530,7.6677,721.2071,periurbain,0.4271,0.2616,0.7105,0.4379,0.2736,0.5049,ELEVE,territoire_stable,true,0.6657,SOUS-DOTÉ,0.6929,SOUS-DOTÉ,99,109,0.9083,17.9024,81.6514,0,0,2622,33,10.4216,2118.9511,10.2331,5,3,2,0,0,4,2,3,9.0416,0,2,2,2,1,1,2,4,1,0,0,true,true
91332,Leudeville,91,91630,48.5726,2.3291,1562,7.8489,199.0088,rural,0.5236,0.304,0.7357,0.4193,0.2761,0.5639,ELEVE,territoire_stable,true,0.7562,DÉSERT,0.7296,DÉSERT,50,56,0.8929,32.0102,78.5714,0,0,2121,13,7.2449,1580.7096,17.9029,0,1,0,0,0,1,0,0,0,1,0,0,1,0,0,1,1,1,0,1,true,true
91333,Leuville-sur-Orge,91,91310,48.6135,2.2695,4271,2.5257,1691.0164,urbain,0.3398,0.4505,0.4762,0.5056,0.4047,0.4459,MODERE,territoire_stable,true,0.5218,CORRECT,0.6309,SOUS-DOTÉ,205,246,0.8333,47.9981,66.6667,4,9.3655,2375,37,10.1808,2193.7799,8.261,5,1,2,0,0,3,1,1,11.7069,0,1,1,1,1,1,2,3,0,1,0,true,true
91338,Limours,91,91470,48.6463,2.0823,6517,14.1198,461.5504,periurbain,0.2669,0.159,0.648,0.3041,0.1955,0.5661,ELEVE,territoire_stable,true,0.6568,SOUS-DOTÉ,0.6895,SOUS-DOTÉ,170,235,0.7234,26.0856,44.6809,1,1.5344,2683,41,7.0197,2063.2357,11.8247,5,3,2,0,0,5,2,3,7.6722,0,1,2,2,2,1,2,4,1,1,0,true,true
91339,Linas,91,91310,48.6261,2.2525,7987,7.5852,1052.9716,urbain,0.4683,0.3769,0.6321,0.4082,0.3227,0.5759,ELEVE,territoire_stable,true,0.616,SOUS-DOTÉ,0.6722,SOUS-DOTÉ,361,450,0.8022,45.1984,60.4444,3,3.7561,3195,29,7.3412,1743.6257,18.698,8,4,2,0,0,5,3,3,10.0163,0,1,3,3,2,2,2,6,1,1,0,true,true
91340,Lisses,91,91090,48.5935,2.4259,7373,10.4471,705.7461,periurbain,0.2951,0.2555,0.6455,0.4341,0.2763,0.4734,MODERE,territoire_stable,true,0.6817,SOUS-DOTÉ,0.7047,DÉSERT,143,168,0.8512,19.3951,70.2381,0,0,3642,26,8.7403,2019.6535,5.8249,6,3,2,0,0,6,3,3,8.1378,0,1,3,2,2,2,2,5,1,1,0,true,true
91345,Longjumeau,91,91160,48.6923,2.3057,21996,4.8967,4492.0048,urbain,0.5802,0.2317,0.8107,0.3208,0.2625,0.6643,ELEVE,territoire_fragile,true,0.6767,SOUS-DOTÉ,0.7507,DÉSERT,382,461,0.8286,17.3668,65.7267,3,1.3639,2809,175,11.6526,2053.2329,20.0031,25,11,7,0,0,15,7,9,11.3657,0,4,6,9,5,4,6,14,2,1,0,true,true
91347,Longpont-sur-Orge,91,91310,48.639,2.2859,6482,5.0918,1273.0272,urbain,0.57,0.3219,0.7345,0.3929,0.2885,0.6061,ELEVE,territoire_fragile,true,0.6624,SOUS-DOTÉ,0.7001,DÉSERT,226,262,0.8626,34.8658,72.5191,0,0,2753,54,11.0128,1809.0689,17.1847,7,3,2,0,0,5,2,3,10.7991,0,2,2,3,2,1,2,5,1,0,0,true,true
91359,Maisse,91,91720,48.3961,2.3744,2797,21.5149,130.0029,rural,0.4538,0.2425,0.7135,0.3567,0.2341,0.5883,ELEVE,territoire_stable,true,0.7295,DÉSERT,0.6998,SOUS-DOTÉ,72,88,0.8182,25.7419,63.6364,0,0,3220,15,8.4135,1544.4449,13.5465,1,0,1,0,0,2,1,1,3.5753,0,0,1,2,0,1,1,2,0,0,0,true,true
91363,Marcoussis,91,91460,48.6491,2.2078,8618,16.7245,515.2919,periurbain,0.2756,0.3492,0.5525,0.4921,0.3382,0.4266,MODERE,territoire_stable,true,0.6164,SOUS-DOTÉ,0.6466,SOUS-DOTÉ,334,389,0.8586,38.7561,71.7224,4,4.6414,1847,56,4.4616,2160.9218,13.2147,6,4,3,0,0,6,3,4,6.9622,0,2,3,4,2,2,2,5,2,1,0,true,true
91374,Marolles-en-Beauce,91,91150,48.3713,2.2067,237,5.9805,39.6288,rural_isole,0.5993,0.0853,0.8527,0.1863,0.1051,0.7534,CRITIQUE,territoire_fragile,true,0.6184,SOUS-DOTÉ,0.6482,SOUS-DOTÉ,3,4,0.75,12.6582,50,0,0,2515,1,9.4484,1711.2416,25.9474,0,1,0,0,0,0,0,0,0,1,0,0,0,0,1,0,0,0,0,1,true,true
91376,Marolles-en-Hurepoix,91,91630,48.5641,2.2992,5708,6.5277,874.4274,periurbain,0.326,0.2932,0.5971,0.4151,0.2926,0.5017,ELEVE,territoire_stable,true,0.6458,SOUS-DOTÉ,0.6799,SOUS-DOTÉ,227,280,0.8107,39.7687,62.1429,1,1.7519,2055,32,7.1432,1973.2642,11.6365,5,3,2,0,0,4,2,2,8.7596,0,2,2,2,1,1,1,4,1,0,0,true,true
91377,Massy,91,91300,48.7263,2.2696,51729,9.3987,5503.8463,tres_urbain,0.5507,0.5965,0.6364,0.5234,0.499,0.5685,ELEVE,territoire_emergent,true,0.6987,SOUS-DOTÉ,0.7755,DÉSERT,4387,5193,0.8448,84.8074,68.9582,0,0,4132,450,10.9943,2182.2404,19.8688,64,26,17,2,1,34,17,20,12.3722,0,10,18,20,13,9,13,34,7,4,0,true,true
91378,Mauchamps,91,91730,48.5287,2.1976,387,3.1843,121.5338,rural,0.3754,0.3794,0.4477,0.3888,0.3249,0.534,ELEVE,territoire_stable,true,0.427,CORRECT,0.4578,CORRECT,11,15,0.7333,28.4238,46.6667,2,20,3143,2,8.5968,1808.0125,13.3922,0,0,0,0,0,1,0,1,0,1,0,0,1,0,0,0,1,0,1,1,true,true
91386,Mennecy,91,91540,48.5592,2.4362,16433,11.1796,1469.9095,urbain,0.5506,0.336,0.6973,0.3889,0.2991,0.6045,ELEVE,territoire_fragile,true,0.6382,SOUS-DOTÉ,0.6994,SOUS-DOTÉ,499,595,0.8387,30.3657,67.7311,3,1.8256,3891,124,12.0101,1587.9789,13.0255,18,8,5,0,0,11,6,6,10.9536,0,3,5,6,4,3,4,11,2,1,0,true,true
91390,Le Mérévillois,91,91660,48.3201,2.0963,3477,33.1816,104.787,rural,0.6435,0.3166,0.6503,0.276,0.2455,0.7142,CRITIQUE,territoire_fragile,true,0.5087,CORRECT,0.5945,SOUS-DOTÉ,112,153,0.732,32.2117,46.4052,4,11.5042,3219,10,13.7155,1398.1341,17.9062,3,1,1,0,0,2,1,1,8.6281,0,0,1,1,1,1,1,3,0,0,0,true,true
91393,Mérobert,91,91780,48.4191,1.9919,635,10.617,59.8097,rural,0.498,0.4292,0.4759,0.4946,0.373,0.4631,MODERE,territoire_stable,true,0.4553,CORRECT,0.3601,CORRECT,9,10,0.9,14.1732,80,3,20,2601,2,9.4364,1570.3889,12.0037,0,0,0,0,0,1,0,0,0,1,1,1,0,0,0,0,0,0,0,0,true,true
91399,Mespuits,91,91150,48.3574,2.2802,184,9.9633,18.4678,rural_isole,0.6164,0.4527,0.5473,0.4405,0.3586,0.5676,ELEVE,territoire_fragile,true,0.5,CORRECT,0.55,SOUS-DOTÉ,6,7,0.8571,32.6087,71.4286,3,20,1502,1,11.1439,1596.6382,18.2505,0,0,0,0,0,0,0,1,0,1,0,0,0,0,0,0,0,0,0,1,true,true
91405,Milly-la-Forêt,91,91490,48.3966,2.4771,4562,33.7231,135.2782,rural,0.4178,0.1552,0.7454,0.3174,0.1842,0.5939,ELEVE,territoire_stable,true,0.7101,DÉSERT,0.712,DÉSERT,72,89,0.809,15.7826,61.7978,0,0,2520,32,8.8139,1827.7269,13.3282,2,1,2,0,0,3,2,2,4.384,0,0,1,2,1,1,1,3,1,0,0,true,true
91408,Moigny-sur-École,91,91490,48.4367,2.4412,1294,12.244,105.6844,rural,0.3079,0.2219,0.6976,0.3918,0.2376,0.52,ELEVE,territoire_stable,true,0.7345,DÉSERT,0.6859,SOUS-DOTÉ,32,39,0.8205,24.7295,64.1026,0,0,2741,7,4.2031,2118.8391,16.6764,0,0,1,0,0,1,1,0,0,1,0,1,1,0,0,1,1,0,0,0,true,true
91411,Les Molières,91,91470,48.6736,2.0682,1975,7.0351,280.7352,periurbain,0.3603,0.5293,0.4829,0.5905,0.4438,0.396,MODERE,territoire_stable,true,0.4986,CORRECT,0.6283,SOUS-DOTÉ,97,107,0.9065,49.1139,81.3084,2,10.1266,2630,15,7.9337,2314.4149,12.1678,2,1,1,0,0,1,1,1,10.1266,0,0,1,0,0,0,1,1,0,0,0,true,true
91412,Mondeville,91,91590,48.4924,2.4227,726,6.7814,107.0575,rural,0.5959,0.2921,0.8025,0.4257,0.2654,0.5781,ELEVE,territoire_fragile,true,0.7615,DÉSERT,0.7514,DÉSERT,16,17,0.9412,22.0386,88.2353,0,0,2131,3,9.1506,1710.0154,18.6314,0,0,0,0,0,1,0,0,0,1,0,0,0,0,0,1,2,1,0,1,true,true
91414,Monnerville,91,91930,48.3471,2.0379,376,8.2848,45.3843,rural_isole,0.7365,0.295,0.7373,0.3324,0.2444,0.6767,ELEVE,territoire_bloque,true,0.5711,SOUS-DOTÉ,0.4607,CORRECT,13,15,0.8667,34.5745,73.3333,0,0,2150,3,16.6581,1645.2459,16.2149,1,0,0,0,0,0,0,1,26.5957,0,1,0,1,0,0,0,0,0,0,0,true,true
91421,Montgeron,91,91230,48.6952,2.4638,24022,11.1781,2149.0235,urbain,0.4641,0.2726,0.6659,0.3014,0.2589,0.651,ELEVE,territoire_stable,true,0.6568,SOUS-DOTÉ,0.7163,DÉSERT,1080,1494,0.7229,44.9588,44.5783,2,0.8326,2903,168,10.5191,1699.3677,15.0554,27,12,8,0,0,16,8,9,11.2397,0,5,8,9,6,4,6,15,3,1,0,true,true
91425,Montlhéry,91,91310,48.6392,2.266,9772,3.3153,2947.5462,urbain,0.4557,0.2671,0.6511,0.3405,0.2797,0.5999,ELEVE,territoire_stable,true,0.62,SOUS-DOTÉ,0.6993,SOUS-DOTÉ,327,420,0.7786,33.463,55.7143,4,4.0933,2075,90,11.7539,1945.3717,12.5743,11,5,3,0,0,6,3,4,11.2567,0,2,3,4,2,1,3,7,1,1,0,true,true
91432,Morangis,91,91420,48.7022,2.3361,14129,4.8148,2934.4936,urbain,0.4963,0.2268,0.7497,0.3424,0.2541,0.6113,ELEVE,territoire_stable,true,0.6653,SOUS-DOTÉ,0.7189,DÉSERT,244,295,0.8271,17.2694,65.4237,1,0.7078,3177,48,10.9132,1877.8353,14.445,16,7,5,0,0,10,4,6,11.3242,0,4,5,6,4,3,4,9,1,1,0,true,true
91433,Morigny-Champigny,91,91150,48.4383,2.2025,4412,30.9839,142.3965,rural,0.3737,0.1895,0.7092,0.3289,0.2051,0.5831,ELEVE,territoire_stable,true,0.7136,DÉSERT,0.6943,SOUS-DOTÉ,115,147,0.7823,26.0653,56.4626,0,0,2567,19,6.0783,1830.6796,16.3206,2,1,2,0,0,2,2,1,4.5331,0,1,1,2,1,1,2,3,0,0,0,true,true
91434,Morsang-sur-Orge,91,91390,48.6564,2.3513,21667,4.3848,4941.3884,urbain,0.68,0.5125,0.6829,0.454,0.433,0.6297,ELEVE,territoire_fragile,true,0.6947,SOUS-DOTÉ,0.7636,DÉSERT,1423,1653,0.8609,65.6759,72.1718,1,0.4615,2669,131,13.8571,1743.1923,18.6495,25,11,7,0,0,14,7,9,11.5383,0,4,7,9,5,4,5,14,3,2,0,true,true
91435,Morsang-sur-Seine,91,91250,48.5775,2.5013,583,4.4247,131.7603,rural,0.4789,0.1967,0.7518,0.3664,0.2148,0.5687,ELEVE,territoire_stable,true,0.6042,SOUS-DOTÉ,0.7518,DÉSERT,7,8,0.875,12.0069,75,0,0,2627,4,10.8798,1879.8366,11.7724,1,0,0,0,0,1,0,0,17.1527,0,0,0,0,0,0,1,0,0,0,1,true,true
91441,Nainville-les-Roches,91,91750,48.5053,2.4943,564,5.9891,94.1711,rural,0.5224,0.2492,0.7508,0.3502,0.2306,0.6169,ELEVE,territoire_stable,true,0.4952,CORRECT,0.7512,DÉSERT,15,18,0.8333,26.5957,66.6667,0,0,2908,4,10.9776,2133.1847,18.0436,1,0,1,0,0,1,1,0,17.7305,0,0,0,0,0,0,0,0,0,0,1,true,true
91457,La Norville,91,91290,48.583,2.266,4268,4.5726,933.3858,periurbain,0.2989,0.1927,0.6129,0.3224,0.2237,0.5555,ELEVE,territoire_stable,true,0.5812,SOUS-DOTÉ,0.6483,SOUS-DOTÉ,102,138,0.7391,23.8988,47.8261,3,7.0291,1948,11,5.7265,2072.81,15.7447,3,3,1,0,0,3,1,2,7.0291,0,1,1,1,1,0,1,2,1,0,0,true,true
91458,Nozay,91,91620,48.6594,2.2366,4471,7.3685,606.7721,periurbain,0.4232,0.3157,0.649,0.3896,0.2855,0.5663,ELEVE,territoire_stable,true,0.5987,SOUS-DOTÉ,0.6466,SOUS-DOTÉ,140,175,0.8,31.3129,60,2,4.4733,3536,38,11.507,2200.4279,12.447,4,2,2,0,0,3,2,1,8.9465,0,1,2,2,1,1,1,3,1,0,0,true,true
91461,Ollainville,91,91340,48.6068,2.2204,5455,11.4128,477.9721,periurbain,0.3207,0.4155,0.5597,0.5006,0.3661,0.4571,MODERE,territoire_stable,true,0.5666,SOUS-DOTÉ,0.6305,SOUS-DOTÉ,220,261,0.8429,40.33,68.5824,4,7.3327,3111,44,4.4954,2272.536,17.5688,4,3,2,0,0,4,1,3,7.3327,0,1,1,2,2,1,1,3,1,0,0,true,true
91463,Oncy-sur-École,91,91490,48.3803,2.4564,1042,5.4077,192.6882,rural,0.4294,0.3218,0.6102,0.3403,0.272,0.6126,ELEVE,territoire_stable,true,0.6643,SOUS-DOTÉ,0.6714,SOUS-DOTÉ,59,81,0.7284,56.6219,45.679,0,0,2931,10,10.4671,1649.6949,12.2917,1,0,0,0,0,2,0,1,9.5969,0,0,1,1,0,0,1,1,0,0,0,true,true
91468,Ormoy,91,91540,48.5714,2.4576,3225,1.8909,1705.537,urbain,0.548,0.2922,0.644,0.3036,0.2642,0.6601,ELEVE,territoire_stable,true,0.4895,CORRECT,0.6152,SOUS-DOTÉ,86,115,0.7478,26.6667,49.5652,3,9.3023,3338,14,16.4761,2006.0231,11.6437,5,1,1,0,0,3,2,1,15.5039,0,1,1,1,1,1,1,2,0,0,0,true,true
91469,Ormoy-la-Rivière,91,91150,48.4024,2.1652,943,10.4751,90.023,rural,0.314,0.5313,0.3666,0.564,0.446,0.3867,MODERE,territoire_stable,true,0.5009,CORRECT,0.5511,SOUS-DOTÉ,39,46,0.8478,41.3574,69.5652,4,20,2591,7,6.5237,1753.1481,8.7745,0,0,0,0,0,0,0,1,0,1,0,0,0,0,0,0,0,0,0,1,true,true
91471,Orsay,91,91400,48.6972,2.1896,16498,7.4234,2222.4318,urbain,0.4946,0.2126,0.7477,0.2595,0.215,0.6946,ELEVE,territoire_stable,true,0.6602,SOUS-DOTÉ,0.7204,DÉSERT,604,840,0.719,36.6105,43.8095,1,0.6061,2641,126,9.5843,1974.419,21.2362,18,9,6,0,0,11,5,6,10.9104,0,3,6,6,4,3,4,11,2,1,0,true,true
91473,Orveau,91,91590,48.4489,2.297,141,4.2779,32.9601,rural_isole,0.6437,0.2538,0.8049,0.3161,0.216,0.6851,ELEVE,territoire_bloque,true,0.8002,DÉSERT,0.7503,DÉSERT,5,6,0.8333,35.461,66.6667,0,0,1683,1,10.7491,1456.7476,20.2903,0,0,0,0,0,0,0,0,0,1,0,0,0,0,0,0,0,0,0,1,true,true
91477,Palaiseau,91,91120,48.7155,2.2293,37471,11.6644,3212.4241,urbain,0.4696,0.2568,0.7273,0.3593,0.2768,0.5984,ELEVE,territoire_stable,true,0.6669,SOUS-DOTÉ,0.7309,DÉSERT,897,1096,0.8184,23.9385,63.6861,4,1.0675,3063,129,9.7413,1956.1275,15.8055,41,19,12,1,0,26,13,14,10.9418,0,7,12,15,10,6,9,24,5,2,0,true,true
91479,Paray-Vieille-Poste,91,91550,48.7239,2.3577,8202,6.0359,1358.8694,urbain,0.3756,0.1608,0.7356,0.3085,0.1997,0.5993,ELEVE,territoire_stable,true,0.6762,SOUS-DOTÉ,0.707,DÉSERT,165,213,0.7746,20.117,54.9296,0,0,2654,36,7.1233,2074.4996,16.9799,8,4,3,0,0,4,3,4,9.7537,0,2,3,3,2,2,2,6,1,1,0,true,true
91482,Pecqueuse,91,91470,48.646,2.0361,580,7.4478,77.8753,rural,0.3731,0.3521,0.4965,0.4554,0.3286,0.4613,MODERE,territoire_stable,true,0.3935,CORRECT,0.5785,SOUS-DOTÉ,11,13,0.8462,18.9655,69.2308,1,17.2414,1804,5,9.1714,2112.7859,11.0608,0,0,1,0,0,1,0,1,0,1,0,0,0,0,0,0,0,0,0,1,true,true
91494,Le Plessis-Pâté,91,91220,48.6054,2.3404,4154,7.5942,546.9964,periurbain,0.3708,0.299,0.7058,0.4336,0.2856,0.5213,ELEVE,territoire_stable,true,0.6286,SOUS-DOTÉ,0.6787,SOUS-DOTÉ,92,108,0.8519,22.1473,70.3704,1,2.4073,3777,39,5.3442,2339.8177,19.5601,3,3,2,0,0,3,2,2,7.222,0,1,1,2,1,0,0,3,1,0,0,true,true
91495,Plessis-Saint-Benoist,91,91410,48.445,2.0052,325,9.1718,35.4347,rural_isole,0.585,0.3478,0.7489,0.4395,0.2963,0.5736,ELEVE,territoire_fragile,true,0.535,CORRECT,0.7503,DÉSERT,11,12,0.9167,33.8462,83.3333,0,0,2507,2,11.684,2188.2956,18.4523,0,0,1,0,0,1,0,1,0,1,0,0,0,0,0,0,0,0,0,1,true,true
91507,Prunay-sur-Essonne,91,91720,48.3524,2.3562,324,5.1218,63.259,rural,0.4585,0.3186,0.6055,0.4276,0.2957,0.5164,ELEVE,territoire_stable,true,0.7119,DÉSERT,0.3772,CORRECT,13,15,0.8667,40.1235,73.3333,0,0,1958,2,6.7014,1558.1631,15.3829,0,0,0,0,0,1,1,0,0,1,1,1,0,0,0,0,0,0,0,0,true,true
91508,Puiselet-le-Marais,91,91150,48.3947,2.2635,261,11.2801,23.1381,rural_isole,0.7216,0.264,0.7996,0.337,0.2268,0.6733,ELEVE,territoire_bloque,true,0.4698,CORRECT,0.7501,DÉSERT,8,9,0.8889,30.6513,77.7778,0,0,1330,2,14.3748,1868.0802,20.5402,1,0,0,0,0,0,0,0,38.3142,0,0,0,0,0,0,0,1,0,0,1,true,true
91511,Pussay,91,91740,48.3501,1.9981,2288,11.5912,197.3911,rural,0.4314,0.3622,0.509,0.4252,0.3238,0.5092,ELEVE,territoire_stable,true,0.4458,CORRECT,0.5092,CORRECT,55,67,0.8209,24.0385,64.1791,4,17.4825,1851,10,7.0419,1795.8355,16.6835,1,1,1,0,0,1,1,1,4.3706,0,1,1,1,0,0,1,2,0,0,0,true,true
91514,Quincy-sous-Sénart,91,91480,48.6722,2.5259,9477,5.2371,1809.5893,urbain,0.4488,0.5034,0.6103,0.5229,0.4191,0.5045,ELEVE,territoire_stable,true,0.6341,SOUS-DOTÉ,0.6899,SOUS-DOTÉ,585,675,0.8667,61.7284,73.3333,2,2.1104,2949,34,10.1948,2497.4507,16.7836,10,5,4,0,0,6,3,4,10.5519,0,2,3,5,3,2,3,6,1,1,0,true,true
91519,Richarville,91,91410,48.4696,2.0006,386,10.49,36.7969,rural_isole,0.5581,0.2688,0.67,0.2722,0.2224,0.6919,ELEVE,territoire_fragile,true,0.5769,SOUS-DOTÉ,0.7503,DÉSERT,21,29,0.7241,54.4041,44.8276,0,0,1910,1,12.5338,1447.9254,15.2333,1,0,0,0,0,0,0,1,25.9067,0,0,0,0,0,0,0,0,0,0,1,true,true
91521,Ris-Orangis,91,91130,48.6457,2.4104,31189,8.3627,3729.5371,urbain,0.5123,0.2893,0.7194,0.4094,0.3119,0.5614,ELEVE,territoire_stable,true,0.6761,SOUS-DOTÉ,0.7377,DÉSERT,812,918,0.8845,26.0348,76.9063,3,0.9619,1954,192,7.9228,1740.0695,17.6501,34,16,10,1,0,20,10,12,10.9013,0,6,11,13,8,5,8,21,4,2,0,true,true
91525,Roinville,91,91410,48.5183,2.0534,1319,13.5081,97.6451,rural,0.582,0.1504,0.808,0.2437,0.1535,0.7077,CRITIQUE,territoire_fragile,true,0.6812,SOUS-DOTÉ,0.6595,SOUS-DOTÉ,28,36,0.7778,21.2282,55.5556,0,0,2330,12,9.5686,1600.1518,21.5871,1,1,0,0,0,1,0,1,7.5815,0,0,1,1,1,0,0,1,0,0,0,true,true
91526,Roinvilliers,91,91150,48.3461,2.2321,112,7.1748,15.6102,rural_isole,0.8859,0.3591,0.793,0.4138,0.2885,0.6509,ELEVE,territoire_bloque,true,0.3,BIEN_DOTÉ,0.75,DÉSERT,3,3,1,26.7857,100,0,0,1841,1,13.7679,1119.0261,22.709,1,0,0,0,0,0,0,0,89.2857,0,0,0,0,0,0,0,1,0,0,1,true,true
91533,Saclas,91,91690,48.3576,2.1103,1819,13.6583,133.1791,rural,0.4575,0.4941,0.466,0.4814,0.3969,0.5031,ELEVE,territoire_stable,true,0.4988,CORRECT,0.5203,CORRECT,90,110,0.8182,49.4777,63.6364,3,16.4926,2012,15,4.9813,1618.5612,20.5762,0,1,0,0,0,2,1,0,0,1,0,1,2,0,0,1,0,0,0,0,true,true
91534,Saclay,91,91400,48.7367,2.1693,4437,13.7481,322.7355,periurbain,0.3417,0.2891,0.5705,0.4192,0.2881,0.4887,MODERE,territoire_stable,true,0.6001,SOUS-DOTÉ,0.6414,SOUS-DOTÉ,152,184,0.8261,34.2574,65.2174,2,4.5076,1725,38,8.4616,1910.2168,9.2107,4,2,1,0,0,4,2,2,9.0151,0,1,2,1,2,1,1,2,0,0,0,true,true
91538,Saint-Aubin,91,91190,48.7148,2.1384,661,3.5633,185.5022,rural,0.3875,0.2137,0.6883,0.3141,0.213,0.6066,ELEVE,territoire_stable,true,0.8021,DÉSERT,0.6977,SOUS-DOTÉ,24,32,0.75,36.3086,50,0,0,2472,3,9.6497,1787.5984,11.5364,0,0,0,0,0,0,1,1,0,1,0,0,1,0,0,0,1,0,0,1,true,true
91540,Saint-Chéron,91,91530,48.5499,2.1249,5132,11.5307,445.0727,periurbain,0.3789,0.2908,0.6048,0.4254,0.2887,0.4968,MODERE,territoire_stable,true,0.5636,SOUS-DOTÉ,0.6391,SOUS-DOTÉ,141,166,0.8494,27.4747,69.8795,3,5.8457,1837,28,9.9546,2185.439,10.5597,5,3,2,0,0,4,2,2,9.7428,0,1,2,2,1,1,2,4,0,1,0,true,true
91544,Saint-Cyr-la-Rivière,91,91690,48.3508,2.1377,466,8.8224,52.8201,rural,0.3824,0.3535,0.6731,0.5205,0.3307,0.4444,MODERE,territoire_stable,true,0.6771,SOUS-DOTÉ,0.7506,DÉSERT,16,17,0.9412,34.3348,88.2353,0,0,1981,1,5.9076,2219.0427,15.195,0,0,1,0,0,0,0,0,0,1,0,0,0,0,0,0,0,1,0,1,true,true
91546,Saint-Cyr-sous-Dourdan,91,91410,48.5675,2.0361,982,10.0513,97.6988,rural,0.3529,0.4147,0.5083,0.4106,0.3393,0.5435,ELEVE,territoire_stable,true,0.5166,CORRECT,0.6124,SOUS-DOTÉ,54,74,0.7297,54.9898,45.9459,1,10.1833,2913,7,5.6989,1987.606,18.8297,0,1,1,0,0,1,0,0,0,1,0,0,1,0,0,0,0,0,0,1,true,true
91547,Saint-Escobille,91,91410,48.4223,1.9605,454,12.0108,37.7993,rural_isole,0.4944,0.1701,0.7477,0.2602,0.1716,0.6726,ELEVE,territoire_stable,true,0.737,DÉSERT,0.7503,DÉSERT,12,16,0.75,26.4317,50,0,0,2786,4,11.8049,1505.7741,12.0764,0,0,0,0,0,1,1,1,0,1,0,0,0,0,0,0,0,0,0,1,true,true
91549,Sainte-Geneviève-des-Bois,91,91700,48.643,2.3272,35438,9.3835,3776.6292,urbain,0.6577,0.3011,0.7968,0.3444,0.29,0.6765,ELEVE,territoire_bloque,true,0.6862,SOUS-DOTÉ,0.749,DÉSERT,1125,1330,0.8459,31.7456,69.1729,0,0,2633,166,11.7425,1725.3963,21.3534,40,18,12,1,0,24,12,14,11.2873,0,7,12,14,9,6,9,23,5,2,0,true,true
91552,Saint-Germain-lès-Arpajon,91,91180,48.5982,2.2644,11623,6.3179,1839.6936,urbain,0.4891,0.2217,0.7086,0.3208,0.2363,0.6195,ELEVE,territoire_stable,true,0.6382,SOUS-DOTÉ,0.7023,DÉSERT,385,483,0.7971,33.124,59.4203,2,1.7207,1210,94,11.6262,2072.9798,15.447,13,6,4,0,0,8,4,5,11.1847,0,2,4,5,3,2,2,7,1,0,0,true,true
91553,Saint-Germain-lès-Corbeil,91,91250,48.6275,2.4919,7469,4.0559,1841.5148,urbain,0.589,0.3905,0.6768,0.4362,0.3417,0.5773,ELEVE,territoire_fragile,true,0.612,SOUS-DOTÉ,0.6972,SOUS-DOTÉ,250,283,0.8834,33.4717,76.6784,3,4.0166,3155,50,11.8661,1619.9417,14.5059,8,4,2,0,0,5,3,4,10.7109,0,1,2,2,1,1,2,5,1,1,0,true,true
91556,Saint-Hilaire,91,91780,48.4429,2.0872,401,6.8001,58.9697,rural,0.3957,0.4887,0.4574,0.6256,0.438,0.3329,MODERE,territoire_stable,true,0.3572,CORRECT,0.5507,SOUS-DOTÉ,6,6,1,14.9626,100,3,20,1669,1,7.2999,2207.8647,11.4576,0,0,1,0,0,0,1,0,0,1,0,0,0,0,0,0,0,0,0,1,true,true
91560,Saint-Jean-de-Beauregard,91,91940,48.6666,2.1723,471,4.0126,117.3803,rural,0.3141,0.2523,0.4724,0.3553,0.2615,0.5084,ELEVE,territoire_stable,true,0.3792,CORRECT,0.5516,SOUS-DOTÉ,6,8,0.75,12.7389,50,2,20,1557,4,9.5806,2044.86,9.208,0,0,1,0,0,0,0,1,0,1,0,0,0,0,0,0,0,0,0,1,true,true
91568,Saint-Maurice-Montcouronne,91,91530,48.5746,2.1229,1543,9.1194,169.1997,rural,0.5538,0.3984,0.5542,0.4153,0.3304,0.564,ELEVE,territoire_fragile,true,0.4078,CORRECT,0.5579,SOUS-DOTÉ,30,36,0.8333,19.4426,66.6667,3,19.4426,2719,6,9.7327,1632.7061,17.8811,1,1,0,0,0,1,1,0,6.4809,0,0,0,0,0,0,1,0,0,0,1,true,true
91570,Saint-Michel-sur-Orge,91,91240,48.6326,2.313,21776,5.3077,4102.7187,urbain,0.496,0.2104,0.707,0.2942,0.2516,0.6432,ELEVE,territoire_stable,true,0.6879,SOUS-DOTÉ,0.7438,DÉSERT,698,906,0.7704,32.0536,54.0839,1,0.4592,1720,100,9.2141,1521.7164,16.2566,24,11,7,0,0,15,7,9,11.0213,0,5,8,9,6,4,5,15,2,1,0,true,true
91573,Saint-Pierre-du-Perray,91,91280,48.6075,2.5152,11993,11.7567,1020.0992,urbain,0.4717,0.2216,0.7236,0.2745,0.2109,0.6731,ELEVE,territoire_stable,true,0.6517,SOUS-DOTÉ,0.7088,DÉSERT,449,620,0.7242,37.4385,44.8387,0,0,3017,68,15.6644,2288.4681,11.4851,14,6,4,0,0,8,5,4,11.6735,0,2,4,5,3,2,3,8,1,1,0,true,true
91577,Saintry-sur-Seine,91,91250,48.5946,2.4955,5882,3.3202,1771.58,urbain,0.4944,0.3124,0.68,0.4057,0.3001,0.5633,ELEVE,territoire_stable,true,0.6068,SOUS-DOTÉ,0.6852,SOUS-DOTÉ,142,166,0.8554,24.1414,71.0843,2,3.4002,3268,38,12.1846,1921.365,11.4672,7,3,2,0,0,4,2,2,11.9007,0,1,2,2,2,1,2,3,1,1,0,true,true
91578,Saint-Sulpice-de-Favières,91,91910,48.5344,2.1766,272,4.4168,61.583,rural,0.382,0.6548,0.3491,0.6657,0.5273,0.3381,MODERE,territoire_emergent,true,0.5006,CORRECT,0.3727,CORRECT,14,15,0.9333,51.4706,86.6667,3,20,2395,2,6.0217,2059.4541,13.8248,0,0,0,0,0,0,0,0,0,1,0,1,0,0,0,0,0,0,0,0,true,true
91579,Saint-Vrain,91,91770,48.5361,2.3254,3089,11.5571,267.2816,periurbain,0.5643,0.4365,0.5777,0.4828,0.3647,0.517,ELEVE,territoire_fragile,true,0.46,CORRECT,0.5734,SOUS-DOTÉ,87,96,0.9062,28.1645,81.25,4,12.9492,2452,18,9.6414,1701.3931,16.8416,3,2,1,0,0,2,1,1,9.7119,0,0,1,2,1,0,1,2,0,0,0,true,true
91581,Saint-Yon,91,91650,48.5612,2.192,923,4.7166,195.6918,rural,0.3784,0.3852,0.4529,0.4177,0.3363,0.5069,ELEVE,territoire_stable,true,0.5022,CORRECT,0.5134,CORRECT,27,35,0.7714,29.2524,54.2857,3,20,2218,5,6.5633,1600.1562,14.0914,0,0,0,0,0,0,0,1,0,1,0,0,1,0,0,1,1,0,0,1,true,true
91587,Saulx-les-Chartreux,91,91160,48.6869,2.2648,6733,7.7162,872.5798,periurbain,0.2507,0.1408,0.6338,0.3021,0.194,0.5533,ELEVE,territoire_stable,true,0.6803,SOUS-DOTÉ,0.7127,DÉSERT,186,256,0.7266,27.6251,45.3125,0,0,2217,22,9.9677,2101.3109,5.739,6,3,2,0,0,4,2,3,8.9113,0,1,2,3,1,1,2,5,1,0,0,true,true
91589,Savigny-sur-Orge,91,91600,48.6851,2.3493,37601,6.9712,5393.7629,tres_urbain,0.6223,0.2575,0.8101,0.3056,0.2793,0.6978,ELEVE,territoire_bloque,true,0.691,SOUS-DOTÉ,0.7728,DÉSERT,1190,1475,0.8068,31.6481,61.3559,0,0,2114,350,15.8965,2311.7451,18.1399,48,19,13,2,0,26,13,15,12.7656,0,8,13,15,9,6,9,25,5,2,0,true,true
91593,Sermaise,91,91530,48.5308,2.0915,1617,13.8221,116.9866,rural,0.4149,0.5566,0.4229,0.5346,0.442,0.4586,MODERE,territoire_emergent,true,0.4835,CORRECT,0.5216,CORRECT,64,77,0.8312,39.5795,66.2338,4,20,3988,7,6.9483,1637.4836,14.0455,0,0,0,0,0,1,1,1,0,1,0,1,0,0,0,0,0,0,0,0,true,true
91599,Soisy-sur-École,91,91840,48.4783,2.474,1174,11.5183,101.9248,rural,0.3556,0.4236,0.4023,0.4664,0.3702,0.455,MODERE,territoire_stable,true,0.4231,CORRECT,0.5191,CORRECT,45,56,0.8036,38.3305,60.7143,2,17.0358,1956,6,11.4084,1905.7125,5.5609,1,0,1,0,0,0,0,0,8.5179,0,0,0,1,1,0,0,1,0,0,1,true,true
91600,Soisy-sur-Seine,91,91450,48.6593,2.4666,7418,8.6771,854.8939,periurbain,0.3464,0.1194,0.6787,0.2708,0.1714,0.6001,ELEVE,territoire_stable,true,0.6622,SOUS-DOTÉ,0.6922,SOUS-DOTÉ,155,210,0.7381,20.8951,47.619,1,1.3481,1984,61,9.032,1833.0949,10.81,6,4,2,0,0,5,3,3,8.0884,0,1,3,3,2,1,2,5,1,1,0,true,true
91602,Souzy-la-Briche,91,91580,48.525,2.149,503,7.3864,68.0981,rural,0.5013,0.3328,0.6367,0.3706,0.2813,0.5999,ELEVE,territoire_stable,true,0.6292,SOUS-DOTÉ,0.6546,SOUS-DOTÉ,27,34,0.7941,53.6779,58.8235,0,0,2078,2,11.0552,1714.4051,14.1917,1,0,0,0,0,0,0,1,19.8807,0,0,1,0,0,0,1,0,0,0,0,true,true
91613,Congerville-Thionville,91,91740,48.3833,1.9912,211,8.4179,25.0656,rural_isole,0.8287,0.3323,0.7175,0.4176,0.2866,0.605,ELEVE,territoire_bloque,true,0.3001,BIEN_DOTÉ,0.2339,BIEN_DOTÉ,4,4,1,18.9573,100,0,0,2290,1,15.242,1680.0739,20.4367,1,0,0,0,0,1,0,0,47.3934,0,1,0,0,1,0,0,0,0,0,0,true,true
91617,Tigery,91,91250,48.6459,2.5189,4333,9.3974,461.085,periurbain,0.3579,0.2111,0.711,0.3236,0.2159,0.5987,ELEVE,territoire_stable,true,0.6628,SOUS-DOTÉ,0.7009,DÉSERT,134,178,0.7528,30.9255,50.5618,0,0,3108,28,7.3865,2228.6097,17.4713,3,3,2,0,0,4,1,2,6.9236,0,1,2,1,1,0,1,2,0,0,0,true,true
91619,Torfou,91,91730,48.5314,2.2335,294,3.5199,83.5251,rural,0.5454,0.3502,0.7465,0.5115,0.3197,0.491,MODERE,territoire_stable,true,0.8008,DÉSERT,0.5452,CORRECT,7,7,1,23.8095,100,0,0,2037,1,7.1157,1927.9037,18.943,0,0,0,0,0,0,0,0,0,1,0,0,0,1,1,0,0,0,0,1,true,true
91629,Valpuiseaux,91,91720,48.3963,2.2996,617,18.7779,32.8578,rural_isole,0.5842,0.4543,0.5325,0.4975,0.3779,0.498,MODERE,territoire_fragile,true,0.4536,CORRECT,0.5503,SOUS-DOTÉ,12,13,0.9231,19.4489,84.6154,3,20,1927,2,8.2762,1368.8395,17.0589,0,0,0,0,0,1,0,0,0,1,0,0,0,0,0,0,1,0,0,1,true,true
91630,Le Val-Saint-Germain,91,91530,48.5712,2.0808,1576,12.6153,124.9277,rural,0.3849,0.1825,0.6705,0.3271,0.2054,0.5711,ELEVE,territoire_stable,true,0.7649,DÉSERT,0.7056,DÉSERT,45,57,0.7895,28.5533,57.8947,0,0,1813,14,6.9605,1366.4715,11.1272,0,0,0,0,0,2,1,0,0,1,1,0,0,0,0,0,1,0,0,0,true,true
91631,Varennes-Jarcy,91,91480,48.6793,2.5631,2465,5.5395,444.986,periurbain,0.4382,0.2236,0.7645,0.3794,0.232,0.5676,ELEVE,territoire_stable,true,0.6537,SOUS-DOTÉ,0.678,SOUS-DOTÉ,54,63,0.8571,21.9067,71.4286,0,0,2253,7,7.8072,2419.4192,20.0068,2,2,1,0,0,2,0,1,8.1136,0,1,1,1,1,0,0,2,0,0,0,true,true
91634,Vaugrigneuse,91,91640,48.6012,2.1041,1458,6.1291,237.8816,periurbain,0.3127,0.4096,0.4047,0.4434,0.3591,0.4697,MODERE,territoire_stable,true,0.3549,CORRECT,0.4538,CORRECT,45,59,0.7627,30.8642,52.5424,4,20,2868,13,8.8529,2183.0785,11.2073,1,1,1,0,0,1,0,1,6.8587,0,0,1,1,1,1,0,0,0,0,0,true,true
91635,Vauhallan,91,91430,48.7302,2.1996,1945,3.3377,582.7366,periurbain,0.3835,0.2855,0.6437,0.4143,0.281,0.5184,ELEVE,territoire_stable,true,0.6518,SOUS-DOTÉ,0.6964,SOUS-DOTÉ,68,81,0.8395,34.9614,67.9012,0,0,2405,18,8.6917,1912.8784,11.0488,2,1,0,0,0,3,1,1,10.2828,0,0,1,1,1,0,1,1,1,1,0,true,true
91639,Vayres-sur-Essonne,91,91820,48.4323,2.349,978,8.4127,116.2528,rural,0.4858,0.3794,0.6534,0.4398,0.3196,0.5505,ELEVE,territoire_stable,true,0.6249,SOUS-DOTÉ,0.702,DÉSERT,52,61,0.8525,53.1697,70.4918,0,0,2011,9,11.068,2137.788,14.9156,1,0,1,0,0,1,1,1,10.2249,0,0,1,0,0,0,0,1,1,0,0,true,true
91645,Verrières-le-Buisson,91,91370,48.7511,2.2545,15057,9.9977,1506.0464,urbain,0.4624,0.1871,0.7334,0.2549,0.1962,0.6795,ELEVE,territoire_stable,true,0.6579,SOUS-DOTÉ,0.7157,DÉSERT,510,713,0.7153,33.8713,43.0575,0,0,2695,134,11.0325,1978.9187,16.6933,17,8,5,0,0,11,5,6,11.2904,0,3,5,6,3,3,4,9,2,1,0,true,true
91648,Vert-le-Grand,91,91810,48.583,2.3711,2444,16.127,151.5471,rural,0.5632,0.2571,0.7653,0.3923,0.2456,0.5829,ELEVE,territoire_fragile,true,0.6841,SOUS-DOTÉ,0.6629,SOUS-DOTÉ,57,63,0.9048,23.3224,80.9524,0,0,1845,19,12.6338,2044.8243,14.4947,2,0,1,0,0,2,1,1,8.1833,0,1,1,1,1,1,0,2,0,0,0,true,true
91649,Vert-le-Petit,91,91710,48.5508,2.3668,2714,6.8425,396.6387,periurbain,0.2518,0.1396,0.645,0.3355,0.1967,0.5194,ELEVE,territoire_stable,true,0.6829,SOUS-DOTÉ,0.7068,DÉSERT,69,89,0.7753,25.4237,55.0562,0,0,1391,23,7.3384,2116.8796,8.9922,2,1,1,0,0,2,0,0,7.3692,0,0,0,2,1,1,0,2,0,0,1,true,true
91654,Videlles,91,91890,48.467,2.4171,581,8.7775,66.192,rural,0.5967,0.2953,0.71,0.398,0.2672,0.5825,ELEVE,territoire_fragile,true,0.4049,CORRECT,0.6674,SOUS-DOTÉ,18,20,0.9,30.9811,80,0,0,1879,2,15.8004,2265.187,13.086,2,0,1,0,0,0,0,0,34.4234,0,0,1,0,0,0,0,0,0,0,0,true,true
91657,Vigneux-sur-Seine,91,91270,48.7021,2.4274,31466,8.9719,3507.1724,urbain,0.4555,0.1757,0.7396,0.2768,0.222,0.6507,ELEVE,territoire_stable,true,0.6694,SOUS-DOTÉ,0.7326,DÉSERT,979,1300,0.7531,31.1129,50.6154,3,0.9534,1283,103,12.5642,2388.8352,15.8854,35,16,11,1,0,21,10,13,11.1231,0,7,11,13,8,5,8,21,4,2,0,true,true
91659,Villabé,91,91100,48.5864,2.4516,5830,4.6842,1244.6095,urbain,0.4485,0.4071,0.6217,0.4684,0.3562,0.5197,ELEVE,territoire_stable,true,0.6647,SOUS-DOTÉ,0.7168,DÉSERT,313,365,0.8575,53.6878,71.5068,0,0,2391,31,8.8571,1887.759,14.098,6,3,2,0,0,4,2,2,10.2916,0,1,2,2,1,1,1,4,0,0,0,true,true
91661,Villebon-sur-Yvette,91,91140,48.6965,2.2366,10291,7.5084,1370.5983,urbain,0.3987,0.4438,0.611,0.5231,0.3899,0.4696,MODERE,territoire_stable,true,0.6643,SOUS-DOTÉ,0.7083,DÉSERT,539,607,0.888,52.3759,77.5947,0,0,2847,36,8.3228,2192.8927,13.505,11,5,4,0,0,6,3,4,10.689,0,2,4,5,2,2,2,7,1,1,0,true,true
91662,Villeconin,91,91580,48.4981,2.1258,766,14.6625,52.2421,rural,0.4677,0.3941,0.4805,0.4096,0.3329,0.5374,ELEVE,territoire_stable,true,0.3504,CORRECT,0.44,CORRECT,19,24,0.7917,24.8042,58.3333,3,20,2673,6,10.2062,1911.344,15.3725,1,0,0,0,0,1,1,0,13.0548,0,0,1,1,0,0,0,0,0,0,0,true,true
91665,La Ville-du-Bois,91,91620,48.6601,2.2644,8161,3.5412,2304.586,urbain,0.401,0.2366,0.6799,0.3283,0.2531,0.6013,ELEVE,territoire_stable,true,0.596,SOUS-DOTÉ,0.6796,SOUS-DOTÉ,196,258,0.7597,24.0167,51.938,4,4.9014,3020,23,10.4413,2292.1579,15.1076,9,4,3,0,0,6,2,3,11.0281,0,1,3,4,2,1,2,5,1,0,0,true,true
91666,Villejust,91,91140,48.6788,2.2207,2558,5.3611,477.1409,periurbain,0.4664,0.1324,0.737,0.2649,0.1643,0.6426,ELEVE,territoire_stable,true,0.6009,SOUS-DOTÉ,0.6422,SOUS-DOTÉ,27,35,0.7714,10.5551,54.2857,1,3.9093,2435,25,9.785,1858.7691,16.264,2,2,1,0,0,2,0,1,7.8186,0,1,1,1,1,0,0,2,0,0,0,true,true
91667,Villemoisson-sur-Orge,91,91360,48.6599,2.3298,7332,2.3203,3159.9362,urbain,0.4156,0.3225,0.6244,0.4645,0.3443,0.4792,MODERE,territoire_stable,true,0.6183,SOUS-DOTÉ,0.7042,DÉSERT,176,196,0.898,24.0044,79.5918,3,4.0917,2083,42,12.1831,2121.5129,6.7216,8,3,3,0,0,6,2,3,10.9111,0,1,3,2,2,1,2,5,1,1,0,true,true
91671,Villeneuve-sur-Auvers,91,91580,48.4646,2.2524,593,7.1082,83.4248,rural,0.5033,0.3591,0.5921,0.4276,0.3135,0.5371,ELEVE,territoire_stable,true,0.5479,CORRECT,0.5212,CORRECT,12,14,0.8571,20.2361,71.4286,1,16.8634,1638,5,8.8179,2014.6061,18.8203,0,0,0,0,0,0,0,0,0,1,0,0,0,1,0,0,1,0,0,1,true,true
91679,Villiers-le-Bâcle,91,91190,48.7282,2.1224,1031,6.0604,170.1208,rural,0.5307,0.3967,0.5043,0.4067,0.3322,0.5553,ELEVE,territoire_stable,true,0.4322,CORRECT,0.4819,CORRECT,26,32,0.8125,25.2182,62.5,4,20,2145,7,6.883,1310.3151,19.3613,0,1,0,0,0,1,1,0,0,1,1,0,0,0,0,0,1,0,0,0,true,true
91685,Villiers-sur-Orge,91,91700,48.6601,2.2995,4545,1.7797,2553.8012,urbain,0.3452,0.3158,0.5811,0.4454,0.3328,0.4769,MODERE,territoire_stable,true,0.6652,SOUS-DOTÉ,0.7161,DÉSERT,159,188,0.8457,34.9835,69.1489,1,2.2002,2143,43,7.2129,1654.1854,8.7431,4,2,1,0,0,4,1,2,8.8009,0,1,1,2,1,0,1,3,0,1,0,true,true
91687,Viry-Châtillon,91,91170,48.6662,2.3758,30838,6.1182,5040.3714,tres_urbain,0.544,0.2123,0.7502,0.2628,0.2501,0.6966,ELEVE,territoire_stable,true,0.6834,SOUS-DOTÉ,0.7609,DÉSERT,993,1333,0.7449,32.2005,48.9872,2,0.6486,2171,208,11.8837,1790.192,17.8006,38,15,10,2,0,20,11,12,12.3225,0,6,10,13,8,6,8,20,4,2,0,true,true
91689,Wissous,91,91320,48.7308,2.3278,7151,9.1424,782.1797,periurbain,0.4074,0.3098,0.6537,0.4473,0.3021,0.4996,MODERE,territoire_stable,true,0.6618,SOUS-DOTÉ,0.6936,SOUS-DOTÉ,211,240,0.8792,29.5064,75.8333,1,1.3984,2514,53,10.141,2032.6483,9.7,6,3,2,0,0,5,2,3,8.3904,0,1,3,2,2,1,2,4,1,1,0,true,true
91691,Yerres,91,91330,48.7129,2.4932,27906,9.9673,2799.7552,urbain,0.4016,0.2239,0.6859,0.3359,0.2557,0.5884,ELEVE,territoire_stable,true,0.6764,SOUS-DOTÉ,0.7344,DÉSERT,906,1162,0.7797,32.4661,55.938,0,0,2161,255,11.5352,2129.3856,11.0737,31,14,10,0,0,19,10,11,11.1087,0,5,10,11,7,5,7,19,3,2,0,true,true
91692,Les Ulis,91,91940,48.6817,2.1864,25886,5.4769,4726.3963,urbain,0.2742,0.1477,0.6736,0.2916,0.2367,0.5826,ELEVE,territoire_stable,true,0.6968,SOUS-DOTÉ,0.7614,DÉSERT,738,1030,0.7165,28.5096,43.301,1,0.3863,1747,115,7.8857,2325.5893,13.2776,28,13,9,0,0,18,9,11,10.8167,0,5,8,10,7,4,6,17,3,1,0,true,true
94001,Ablon-sur-Seine,94,94480,48.7236,2.4229,5988,1.1416,5245.2698,tres_urbain,0.4661,0.2628,0.6857,0.3023,0.2911,0.6511,ELEVE,territoire_stable,true,0.6183,SOUS-DOTÉ,0.7231,DÉSERT,194,265,0.7321,32.3981,46.4151,3,5.01,2620,22,13.433,2318.5237,15.113,8,3,2,0,0,3,2,2,13.3601,0,1,2,2,2,1,2,4,1,0,0,true,true
94002,Alfortville,94,94140,48.7963,2.4214,45531,3.6717,12400.5229,tres_urbain,0.6493,0.2372,0.923,0.3236,0.3508,0.7045,CRITIQUE,territoire_bloque,true,0.7811,DÉSERT,0.881,DÉSERT,375,437,0.8581,8.2361,71.6247,0,0,2283,431,13.9633,2707.1539,25.1329,57,23,16,1,0,30,15,18,12.5189,0,9,15,18,12,7,11,31,6,3,0,true,true
94003,Arcueil,94,94110,48.8053,2.3328,22200,2.3347,9508.7163,tres_urbain,0.6481,0.3882,0.8092,0.4361,0.4211,0.6219,ELEVE,territoire_bloque,true,0.7521,DÉSERT,0.8359,DÉSERT,597,656,0.9101,26.8919,82.0122,0,0,3250,138,10.7904,1954.9746,22.2749,27,11,7,0,0,15,7,9,12.1622,0,5,7,9,5,4,6,14,3,1,0,true,true
94004,Boissy-Saint-Léger,94,94470,48.7453,2.5251,17325,8.9155,1943.2449,urbain,0.5937,0.1956,0.7953,0.2207,0.1884,0.753,CRITIQUE,territoire_fragile,true,0.6718,SOUS-DOTÉ,0.727,DÉSERT,497,692,0.7182,28.6869,43.6416,0,0,3621,48,11.3843,1524.1544,20.4504,19,9,5,0,0,11,6,7,10.9668,0,3,5,7,4,2,4,12,2,1,0,true,true
94011,Bonneuil-sur-Marne,94,94380,48.7721,2.493,18270,5.4905,3327.5658,urbain,0.5085,0.2127,0.7521,0.2653,0.2299,0.691,ELEVE,territoire_stable,true,0.6542,SOUS-DOTÉ,0.723,DÉSERT,478,652,0.7331,26.1631,46.6258,4,2.1894,3265,84,11.1455,1936.1131,18.5259,20,9,6,0,0,12,7,8,10.9469,0,4,5,7,5,2,4,12,2,1,0,true,true
94015,Bry-sur-Marne,94,94360,48.8392,2.5224,18503,3.3361,5546.2966,tres_urbain,0.3607,0.2007,0.7246,0.2999,0.2653,0.6239,ELEVE,territoire_stable,true,0.7021,DÉSERT,0.7762,DÉSERT,508,698,0.7278,27.455,45.5587,0,0,3095,86,10.1426,2396.0164,15.0483,23,9,6,0,0,12,7,8,12.4304,0,4,6,7,4,4,5,12,2,1,0,true,true
94016,Cachan,94,94230,48.7914,2.3318,31103,2.7872,11159.2279,tres_urbain,0.5595,0.4209,0.744,0.4133,0.454,0.635,ELEVE,territoire_fragile,true,0.7577,DÉSERT,0.854,DÉSERT,1236,1513,0.8169,39.7389,63.384,2,0.643,4050,107,13.8945,2291.8263,17.1642,39,15,10,1,0,21,10,13,12.539,0,6,11,13,8,5,8,20,4,2,0,true,true
94017,Champigny-sur-Marne,94,94500,48.8173,2.5206,78072,11.3032,6907.0706,tres_urbain,0.6662,0.1861,0.8391,0.2208,0.2409,0.7685,CRITIQUE,territoire_bloque,true,0.7077,DÉSERT,0.7922,DÉSERT,1843,2438,0.7559,23.6064,51.1895,4,0.5123,2197,747,14.402,1783.1395,20.7128,98,39,25,2,1,52,26,31,12.5525,0,15,26,31,20,13,20,52,10,5,0,true,true
94018,Charenton-le-Pont,94,94220,48.8229,2.405,28830,1.8499,15584.6262,tres_urbain,0.5964,0.6031,0.6464,0.5233,0.6236,0.5795,ELEVE,territoire_emergent,true,0.8196,DÉSERT,0.9283,DÉSERT,2085,2426,0.8594,72.3205,71.8879,0,0,2535,114,15.7076,2277.72,14.7226,37,14,10,0,0,19,10,12,12.8339,0,6,10,12,7,4,7,19,3,2,0,true,true
94019,Chennevières-sur-Marne,94,94430,48.7951,2.5443,18710,5.2168,3586.4898,urbain,0.6672,0.3392,0.752,0.3438,0.3072,0.6838,ELEVE,territoire_bloque,true,0.6709,SOUS-DOTÉ,0.731,DÉSERT,739,899,0.822,39.4976,64.4049,2,1.0689,2840,121,13.6345,1623.8826,18.4955,21,10,6,0,0,12,6,8,11.2239,0,4,7,8,5,3,5,12,2,1,0,true,true
94021,Chevilly-Larue,94,94550,48.7679,2.3507,19826,4.2239,4693.7664,urbain,0.3343,0.1969,0.6899,0.3135,0.2609,0.594,ELEVE,territoire_stable,true,0.7049,DÉSERT,0.7634,DÉSERT,593,803,0.7385,29.9102,47.6961,0,0,2492,57,7.5558,2117.4181,15.1589,21,10,7,0,0,13,7,7,10.5922,0,4,6,8,5,4,5,13,2,1,0,true,true
94022,Choisy-le-Roi,94,94600,48.7635,2.4202,45946,5.4214,8474.9327,tres_urbain,0.4966,0.3561,0.746,0.4435,0.4041,0.5637,ELEVE,territoire_stable,true,0.721,DÉSERT,0.8129,DÉSERT,1269,1444,0.8788,27.6194,75.7618,4,0.8706,2943,346,10.6554,2391.6496,17.6881,57,23,15,2,0,31,15,18,12.4059,0,9,15,18,12,7,11,31,5,3,0,true,true
94028,Créteil,94,94000,48.7845,2.4523,93397,11.4193,8178.8726,tres_urbain,0.6232,0.2094,0.8353,0.2277,0.2682,0.7671,CRITIQUE,territoire_bloque,true,0.7302,DÉSERT,0.8165,DÉSERT,2706,3702,0.731,28.9731,46.1912,0,0,2577,890,14.2876,2065.0301,21.4884,117,47,31,2,1,63,31,38,12.5272,0,18,31,38,24,15,23,62,12,6,0,true,true
94033,Fontenay-sous-Bois,94,94120,48.8503,2.4736,53757,5.5599,9668.6991,tres_urbain,0.6311,0.241,0.8486,0.2905,0.3165,0.7186,CRITIQUE,territoire_bloque,true,0.7464,DÉSERT,0.8357,DÉSERT,1118,1396,0.8009,20.7973,60.1719,1,0.186,2676,348,14.2845,2171.5333,20.5549,67,27,18,1,1,36,18,22,12.4635,0,11,19,21,14,9,14,36,7,4,0,true,true
94034,Fresnes,94,94260,48.7572,2.3263,29528,3.5515,8314.2334,tres_urbain,0.6132,0.2857,0.792,0.3279,0.3348,0.6811,ELEVE,territoire_bloque,true,0.7273,DÉSERT,0.8117,DÉSERT,852,1046,0.8145,28.854,62.9063,1,0.3387,2548,215,14.2876,2035.1966,17.7366,37,15,10,0,0,20,10,11,12.5305,0,6,11,12,8,5,7,19,3,2,0,true,true
94037,Gentilly,94,94250,48.812,2.3426,19963,1.1808,16906.3347,tres_urbain,0.7416,0.4293,0.8453,0.3788,0.5008,0.7258,CRITIQUE,territoire_bloque,true,0.7975,DÉSERT,0.9286,DÉSERT,669,797,0.8394,33.512,67.8795,3,1.5028,3541,176,22.6318,2284.3302,23.0577,27,10,7,0,0,15,7,7,13.525,0,4,6,8,5,3,5,14,2,1,0,true,true
94038,L'Haÿ-les-Roses,94,94240,48.7777,2.3416,31188,3.8956,8005.9554,tres_urbain,0.4627,0.2609,0.7402,0.2991,0.3176,0.6698,ELEVE,territoire_stable,true,0.7227,DÉSERT,0.8105,DÉSERT,1179,1621,0.7273,37.803,45.4658,1,0.3206,2701,247,14.4272,2538.7856,15.2163,39,15,11,1,0,21,10,13,12.5048,0,6,11,12,8,5,8,21,4,2,0,true,true
94041,Ivry-sur-Seine,94,94200,48.8125,2.3872,65064,6.1146,10640.7615,tres_urbain,0.6976,0.3128,0.8226,0.3035,0.3636,0.7391,CRITIQUE,territoire_bloque,true,0.7599,DÉSERT,0.8537,DÉSERT,2461,3089,0.7967,37.8243,59.3396,0,0,2070,260,15.8389,2053.5685,21.1558,82,33,21,1,1,45,22,26,12.603,0,13,22,26,16,11,16,43,8,4,0,true,true
94042,Joinville-le-Pont,94,94340,48.8199,2.4685,20525,2.2852,8981.7084,tres_urbain,0.6056,0.2222,0.8507,0.2497,0.2881,0.7522,CRITIQUE,territoire_bloque,true,0.74,DÉSERT,0.8284,DÉSERT,551,739,0.7456,26.8453,49.1204,0,0,2761,57,15.385,2426.0116,21.0759,26,10,7,0,0,14,7,8,12.6675,0,4,7,8,5,4,6,14,2,2,0,true,true
94043,Le Kremlin-Bicêtre,94,94270,48.8087,2.356,24110,1.5409,15646.7,tres_urbain,0.5665,0.2098,0.8192,0.2495,0.3676,0.7329,CRITIQUE,territoire_fragile,true,0.799,DÉSERT,0.9126,DÉSERT,410,556,0.7374,17.0054,47.482,4,1.6591,2515,237,14.6285,2167.4356,17.9166,30,12,8,0,0,16,8,10,12.443,0,5,8,10,6,4,6,15,3,2,0,true,true
94044,Limeil-Brévannes,94,94450,48.7463,2.4924,27406,6.9462,3945.4666,urbain,0.4831,0.2093,0.7446,0.267,0.2373,0.6826,ELEVE,territoire_stable,true,0.6719,SOUS-DOTÉ,0.7344,DÉSERT,629,865,0.7272,22.9512,45.4335,4,1.4595,3910,183,10.2118,1751.7818,17.1415,30,14,9,0,0,18,9,11,10.9465,0,6,10,11,7,4,7,18,4,2,0,true,true
94046,Maisons-Alfort,94,94700,48.8017,2.44,56799,5.348,10620.6058,tres_urbain,0.5624,0.5013,0.6749,0.4687,0.5031,0.5938,ELEVE,territoire_fragile,true,0.7499,DÉSERT,0.8481,DÉSERT,3247,3867,0.8397,57.1665,67.9338,4,0.7042,3144,473,14.8974,2273.2424,14.6211,71,28,19,1,1,39,19,23,12.5002,0,11,18,22,14,10,14,37,7,4,0,true,true
94047,Mandres-les-Roses,94,94520,48.7068,2.5477,4922,3.365,1462.7043,urbain,0.5487,0.3695,0.7116,0.4029,0.3151,0.6099,ELEVE,territoire_stable,true,0.6688,SOUS-DOTÉ,0.7204,DÉSERT,211,253,0.834,42.8688,66.7984,0,0,3542,27,9.0679,1691.1894,19.2341,5,3,1,0,0,4,2,2,10.1585,0,1,1,2,1,1,1,4,0,0,0,true,true
94048,Marolles-en-Brie,94,94440,48.7385,2.5539,4781,4.5955,1040.3656,urbain,0.4821,0.244,0.7127,0.3241,0.236,0.6275,ELEVE,territoire_stable,true,0.6743,SOUS-DOTÉ,0.7023,DÉSERT,166,212,0.783,34.7208,56.6038,0,0,2599,25,10.408,1811.5877,15.3528,5,2,1,0,0,3,2,2,10.4581,0,2,1,2,1,0,1,4,0,1,0,true,true
94052,Nogent-sur-Marne,94,94130,48.837,2.4811,32455,2.7986,11596.8699,tres_urbain,0.5384,0.3082,0.7751,0.36,0.3951,0.6445,ELEVE,territoire_stable,true,0.7656,DÉSERT,0.8635,DÉSERT,718,884,0.8122,22.1229,62.4434,2,0.6162,3631,126,11.7866,2000.5305,17.1705,40,16,10,1,0,22,11,13,12.3248,0,6,11,13,8,5,8,22,4,2,0,true,true
94053,Noiseau,94,94880,48.7757,2.556,4628,4.5876,1008.8063,urbain,0.456,0.1856,0.7791,0.2637,0.1876,0.6821,ELEVE,territoire_stable,true,0.6538,SOUS-DOTÉ,0.7102,DÉSERT,139,191,0.7277,30.0346,45.5497,0,0,3055,41,11.2047,2441.1813,19.6715,5,3,2,0,0,2,1,2,10.8038,0,1,1,2,1,1,1,3,1,0,0,true,true
94054,Orly,94,94310,48.7402,2.403,24658,6.6904,3685.5793,urbain,0.6279,0.229,0.8069,0.2991,0.2454,0.6903,ELEVE,territoire_bloque,true,0.673,SOUS-DOTÉ,0.74,DÉSERT,447,545,0.8202,18.128,64.0367,2,0.8111,3121,215,16.7866,1958.8159,13.5348,29,12,8,0,0,16,8,10,11.7609,0,5,8,10,6,4,7,17,3,2,0,true,true
94055,Ormesson-sur-Marne,94,94490,48.7873,2.5371,10977,3.4331,3197.4018,urbain,0.3187,0.1879,0.6524,0.3605,0.2569,0.5249,ELEVE,territoire_stable,true,0.6962,SOUS-DOTÉ,0.7368,DÉSERT,264,328,0.8049,24.0503,60.9756,0,0,1744,36,6.3318,1775.0686,11.0704,11,5,3,0,0,8,4,4,10.021,0,2,4,5,3,2,3,8,1,1,0,true,true
94056,Périgny,94,94520,48.6974,2.562,2724,2.7609,986.6348,periurbain,0.2614,0.2373,0.5794,0.3841,0.2641,0.4961,MODERE,territoire_stable,true,0.6038,SOUS-DOTÉ,0.6748,SOUS-DOTÉ,74,95,0.7789,27.1659,55.7895,1,3.6711,2649,16,9.7157,2153.495,5.5518,3,1,1,0,0,2,1,2,11.0132,0,0,1,1,1,1,1,2,1,0,0,true,true
94058,Le Perreux-sur-Marne,94,94170,48.8433,2.5045,35260,3.9602,8903.5907,tres_urbain,0.4879,0.3256,0.7778,0.3887,0.3776,0.6173,ELEVE,territoire_stable,true,0.739,DÉSERT,0.8293,DÉSERT,915,1117,0.8192,25.9501,63.8317,0,0,3998,253,8.9682,2271.918,21.121,43,18,12,2,0,24,12,14,12.1951,0,7,11,14,8,6,9,23,4,2,0,true,true
94059,Le Plessis-Trévise,94,94420,48.808,2.5763,21112,4.3192,4887.9422,urbain,0.3597,0.2748,0.6225,0.3295,0.306,0.5977,ELEVE,territoire_stable,true,0.6928,SOUS-DOTÉ,0.7518,DÉSERT,928,1297,0.7155,43.956,43.0995,2,0.9473,2766,198,9.8202,1894.7576,11.5185,23,10,7,0,0,14,7,8,10.8943,0,5,8,9,5,3,5,14,3,1,0,true,true
94060,La Queue-en-Brie,94,94510,48.7769,2.5855,12241,9.3855,1304.2459,urbain,0.6961,0.2719,0.8739,0.3486,0.2417,0.6842,ELEVE,territoire_bloque,true,0.6526,SOUS-DOTÉ,0.7113,DÉSERT,208,234,0.8889,16.9921,77.7778,0,0,3432,60,13.7224,2103.5417,22.1418,14,7,4,0,0,9,4,5,11.437,0,2,4,5,4,2,3,8,2,1,0,true,true
94065,Rungis,94,94150,48.7493,2.3499,5611,4.1972,1336.8436,urbain,0.3969,0.2305,0.6972,0.399,0.2583,0.5253,ELEVE,territoire_stable,true,0.6727,SOUS-DOTÉ,0.7249,DÉSERT,119,138,0.8623,21.2083,72.4638,0,0,2275,36,11.1607,2139.3769,8.7132,6,2,2,0,0,3,2,2,10.6933,0,1,1,2,1,1,1,4,1,0,0,true,true
94067,Saint-Mandé,94,94160,48.8414,2.4195,21071,0.905,23282.8729,tres_urbain,0.6066,0.2959,0.8604,0.3507,0.4376,0.6809,ELEVE,territoire_bloque,true,0.8343,DÉSERT,0.9454,DÉSERT,364,435,0.8368,17.2749,67.3563,0,0,2767,117,10.3056,2167.3747,24.9376,26,11,7,0,0,13,7,9,12.3392,0,4,6,8,5,4,5,14,2,1,0,true,true
94068,Saint-Maur-des-Fossés,94,94100,48.7999,2.4921,76572,11.2556,6803.0136,tres_urbain,0.5737,0.2983,0.8107,0.388,0.3375,0.6229,ELEVE,territoire_fragile,true,0.7108,DÉSERT,0.7925,DÉSERT,1400,1602,0.8739,18.2834,74.7815,2,0.2612,3333,309,11.2117,2156.0454,19.7386,95,38,25,2,1,52,26,31,12.4066,0,15,26,31,19,13,19,51,9,5,0,true,true
94069,Saint-Maurice,94,94410,48.8179,2.4423,14506,1.4479,10018.6477,tres_urbain,0.6282,0.3355,0.7779,0.3696,0.3894,0.6574,ELEVE,territoire_bloque,true,0.7276,DÉSERT,0.8219,DÉSERT,457,541,0.8447,31.5042,68.9464,3,2.0681,2011,85,14.699,2231.2371,18.6615,18,7,5,0,0,8,4,5,12.4087,0,3,5,6,4,2,4,9,2,1,0,true,true
94070,Santeny,94,94440,48.7362,2.5771,3913,10.0258,390.293,periurbain,0.2904,0.1965,0.5977,0.3367,0.2244,0.5362,ELEVE,territoire_stable,true,0.6031,SOUS-DOTÉ,0.652,SOUS-DOTÉ,61,81,0.7531,15.5891,50.6173,2,5.1112,3620,11,6.1741,1524.5197,9.0928,3,2,1,0,0,3,1,2,7.6668,0,0,2,2,1,0,1,3,1,0,0,true,true
94071,Sucy-en-Brie,94,94370,48.7688,2.5374,27764,10.3889,2672.4677,urbain,0.5852,0.3075,0.7086,0.334,0.2848,0.6575,ELEVE,territoire_fragile,true,0.6556,SOUS-DOTÉ,0.7168,DÉSERT,1126,1415,0.7958,40.5561,59.1519,4,1.4407,2490,253,11.5411,1571.2022,17.397,31,14,9,0,0,18,9,11,11.1655,0,6,9,11,7,5,7,19,4,2,0,true,true
94073,Thiais,94,94320,48.7605,2.3869,32918,6.4245,5123.8229,tres_urbain,0.561,0.3759,0.7997,0.4499,0.3677,0.5891,ELEVE,territoire_fragile,true,0.6921,SOUS-DOTÉ,0.7706,DÉSERT,894,992,0.9012,27.1584,80.2419,0,0,3838,285,13.1139,2641.7186,18.8683,41,16,11,2,0,22,11,13,12.4552,0,6,11,13,9,5,8,23,4,2,0,true,true
94074,Valenton,94,94460,48.7497,2.46,14406,5.3137,2711.1053,urbain,0.4133,0.1711,0.747,0.2619,0.2052,0.6629,ELEVE,territoire_stable,true,0.6629,SOUS-DOTÉ,0.7245,DÉSERT,444,619,0.7173,30.8205,43.4572,1,0.6942,2299,77,9.371,2361.2419,19.8616,16,8,5,0,0,10,5,6,11.1065,0,3,5,5,4,3,4,10,2,1,0,true,true
94075,Villecresnes,94,94440,48.7221,2.5328,11647,5.6201,2072.3831,urbain,0.6512,0.2803,0.7707,0.2883,0.2467,0.7193,CRITIQUE,territoire_bloque,true,0.6365,SOUS-DOTÉ,0.7039,DÉSERT,397,510,0.7784,34.086,55.6863,2,1.7172,3174,66,16.3599,1887.741,16.3998,14,6,4,0,0,7,4,5,12.0203,0,3,3,4,4,2,3,8,1,1,0,true,true
94076,Villejuif,94,94800,48.7934,2.3603,60183,5.2795,11399.3749,tres_urbain,0.6359,0.3557,0.8279,0.4129,0.4223,0.6356,ELEVE,territoire_bloque,true,0.7665,DÉSERT,0.8633,DÉSERT,1517,1695,0.895,25.2065,78.9971,1,0.1662,2597,379,14.5848,2444.1392,19.5261,76,30,20,1,1,41,20,24,12.6282,0,12,21,23,15,11,15,40,8,4,0,true,true
94077,Villeneuve-le-Roi,94,94290,48.732,2.4076,21000,8.4384,2488.6234,urbain,0.3116,0.2809,0.6064,0.3847,0.2973,0.5304,ELEVE,territoire_stable,true,0.6654,SOUS-DOTÉ,0.72,DÉSERT,952,1236,0.7702,45.3333,54.0453,2,0.9524,1809,176,5.9371,2027.8125,14.7274,22,10,7,0,0,15,7,8,10.4762,0,4,8,8,5,3,5,13,2,1,0,true,true
94078,Villeneuve-Saint-Georges,94,94190,48.7389,2.4493,36221,8.073,4486.684,urbain,0.4214,0.2589,0.7479,0.379,0.297,0.579,ELEVE,territoire_stable,true,0.6951,SOUS-DOTÉ,0.7571,DÉSERT,1005,1219,0.8244,27.7463,64.8893,0,0,2468,358,11.4661,2719.7202,15.8007,40,18,13,2,0,24,12,15,11.0433,0,8,12,16,9,6,9,24,5,2,0,true,true
94079,Villiers-sur-Marne,94,94350,48.8278,2.5482,33162,4.3166,7682.4352,tres_urbain,0.5262,0.3906,0.7574,0.4505,0.4092,0.5796,ELEVE,territoire_stable,true,0.7233,DÉSERT,0.8104,DÉSERT,1261,1438,0.8769,38.0255,75.3825,0,0,2745,124,11.3455,2579.8937,20.0773,41,17,11,2,0,22,11,13,12.3635,0,6,11,13,8,6,8,22,4,2,0,true,true
94080,Vincennes,94,94300,48.8471,2.4383,48193,1.9034,25319.4284,tres_urbain,0.5173,0.3358,0.7563,0.363,0.4676,0.6472,ELEVE,territoire_stable,true,0.8244,DÉSERT,0.9381,DÉSERT,1335,1694,0.7881,27.7011,57.6151,2,0.415,3382,436,15.1311,2268.0206,13.0144,61,24,16,1,0,31,15,19,12.6574,0,10,16,18,12,8,12,32,6,3,0,true,true
94081,Vitry-sur-Seine,94,94400,48.7893,2.3951,93963,11.659,8059.2675,tres_urbain,0.4354,0.252,0.7043,0.325,0.3261,0.6234,ELEVE,territoire_stable,true,0.7272,DÉSERT,0.8116,DÉSERT,3166,4173,0.7587,33.6941,51.7374,2,0.2128,2323,403,11.0187,2061.1149,14.2814,117,47,31,1,1,63,31,38,12.4517,0,19,32,38,24,15,24,63,12,6,0,true,true